frame,natoms,energy_error_meV_atom,frame_force_rmse_meV_A,sec
0,64,-6.607295092005749,176.1677697299247,10.443779654800892
1,64,0.30921169354503064,184.92152326061932,10.18464985024184
2,64,-7.974626171486143,176.90371099686965,9.7938813874498
3,216,-1.4567238984497521,143.98148741399294,13.33062122296542
4,64,-2.6440638901563673,196.75523467893328,9.13532244693488
5,216,-1.0099839724890813,143.76184981090827,12.921678050421178
6,216,-5.1506042833615595,107.10534299384622,10.454302766360344
7,216,-6.522315371610965,130.0620919584522,6.65018810890615
8,216,-10.745124984915755,126.9477464197207,7.883496000431478
9,216,-5.585438479827509,125.73391909244752,7.667414641007781
10,216,-0.6154585311817229,150.00039889528034,7.674081238918006
11,216,-10.838450914041786,121.225015855049,3.1704490333795547
12,216,-5.139289200046804,108.06398030587565,0.7943743579089642
13,64,-4.63038220072054,180.40012563035384,0.2708462961018085
14,216,-27.508191914917823,129.05929184403402,0.7790326224640012
15,216,-3.685618433507898,136.13110638594156,0.7816175259649754
16,64,-1.3899967482462472,144.7390541952781,0.2721365001052618
17,64,2.1935605252307866,113.69733519154204,0.2735189013183117
18,216,-7.52253935761793,133.33482424005666,0.8158630933612585
19,216,-2.7952679211109555,164.64345031129383,0.7744076242670417
20,216,12.68539081455522,171.3026054602935,0.781196846626699
21,216,9.009909225349055,164.36049626012462,0.7478508474305272
22,216,8.19585307385573,167.97319381992912,0.7817446356639266
23,216,5.675365954129319,181.03273483424928,0.8093143608421087
24,64,-5.853900067540607,167.87633778823755,0.2663738364353776
25,216,10.740049873706248,170.46531203545877,0.7873173356056213
26,216,3.2124208326038683,167.2158468820462,0.7989320456981659
27,216,7.911577292861516,165.4852767357448,0.8071274645626545
28,216,7.700353011615313,173.69117169534775,0.8139899158850312
29,64,3.153624089446083,110.98316864045204,0.2620753776282072
30,216,7.392494508555281,165.8589308429305,0.8050065971910954
31,216,2.106773519015448,163.76386434088568,0.812820834107697
32,216,10.81634581997637,167.66511143494725,0.8267184048891068
33,216,5.442442623541766,174.37444724645,0.803388494066894
34,216,5.9431208008904335,169.8094053601559,0.793140790425241
35,64,13.154786855972489,173.28450942219098,0.2676129229366779
36,216,7.54730197029474,165.65601781996656,0.7952016880735755
37,216,0.7978122392708897,171.0421336267644,0.7947366004809737
38,216,10.655770561364797,164.25680457859363,0.7876250371336937
39,216,1.6690020750615986,161.278474473491,0.8062196848914027
40,216,7.097297372744116,168.74801505978974,0.7891518035903573
41,64,-8.180183942006813,180.3048046307288,0.2630774788558483
42,216,-3.5296627694298977,136.55511262407865,0.7764531392604113
43,216,2.9787904974014623,170.07014398801235,0.787387209944427
44,216,0.604309930291258,187.52335775031688,0.7895994950085878
45,216,2.5723570477209634,164.52511207762666,0.7798319598659873
46,64,-3.513720204708193,171.03059762477477,0.2710231728851795
47,216,4.852049744576092,155.79789780620578,0.776001812890172
48,216,2.878518495049498,158.8942442474,0.8055152585729957
49,216,-0.5016137927711384,162.16030176406576,0.8048998275771737
50,216,0.8474200067869475,153.89822402512763,0.7895835107192397
51,216,-3.0423168783206833,151.8213064423549,0.7705405009910464
52,216,-1.4350069850941338,149.46787555894105,0.7895807167515159
53,64,3.0469576167702073,114.09319454442893,0.2501276368275285
54,216,1.5011139890237502,167.01593633253668,0.791927152313292
55,216,-5.744771559896833,120.68633683151184,0.797774201259017
56,216,-9.470189064001211,122.64068003683629,0.7819992378354073
57,64,6.913332019105489,171.11254100072009,0.2654206091538071
58,216,-3.243137597975121,130.0362779346023,0.780390196479857
59,216,-9.777339468133306,120.9615143092907,0.7745126318186522
60,216,-9.197757765840642,123.47719314121804,0.7814496457576752
61,216,-6.609928137902621,131.4139262087554,0.7714897422119975
62,216,-31.429284161761828,162.93106924318926,0.7456527054309845
63,216,-0.11973984042601415,153.30509641913645,0.8016249509528279
64,216,-10.640618807970625,154.41269638086072,0.7960694385692477
65,64,-7.225018587051046,175.32974449909295,0.2790741557255387
66,216,-8.415959232970671,116.31060360634925,0.7798049207776785
67,216,-4.301481139227903,122.98855174824394,0.8117329748347402
68,64,-2.6118596418704954,163.09718383447125,0.2554918229579925
69,216,-3.8514214033957828,165.81940938298715,0.7953173210844398
70,216,4.599851963802415,167.85036754976915,0.7941008480265737
71,216,2.763962617502891,160.48763942162586,0.7920484133064747
72,216,1.1248797545615474,178.02979192536296,0.7534182891249657
73,216,0.5533506322237258,166.5286169262005,0.7773337485268712
74,216,1.4157367273224253,171.63686458259525,0.7923818929120898
75,216,2.7775493743851243,175.12859618505007,0.7885144287720323
76,216,2.620502247158818,178.56795793354706,0.7827776242047548
77,64,3.9887954953208293,99.55644807429812,0.2544272895902395
78,216,6.524377916811375,170.738324489614,0.7830973127856851
79,64,-13.105184199904585,183.2852896102858,0.2653665477409959
80,216,3.365990078947334,178.36099967164728,0.7986596282571554
81,216,-0.3700825600745361,194.99424500631724,0.7959617869928479
82,216,-0.35749935642037656,175.4428237702602,0.7965349648147821
83,216,1.534203168121806,162.5658186632226,0.7946603670716286
84,216,2.3227863016908046,170.78238659981852,0.7933227028697729
85,216,5.42146970114743,163.22342567330685,0.7805200517177582
86,216,5.571122617104685,165.83933487404093,0.788034780882299
87,216,3.4509767494572685,172.17495736265906,0.8026065528392792
88,216,0.298113461128402,173.89594440475403,0.79860317427665
89,64,4.663756471117608,107.48657427093426,0.2565831393003464
90,64,8.808435345648569,179.3201604300223,0.2644400084391236
91,216,0.7810098585121494,178.32149541284932,0.7944675181061029
92,216,-1.8021915193129345,186.1555914353593,0.8176314420998096
93,216,10.681757484211296,178.41166381814355,0.8036111667752266
94,216,5.890450417020077,161.26587899000614,0.7926786774769425
95,216,-5.167761820766614,167.81988386998876,0.831410245038569
96,216,2.273611037823642,177.25843228534202,0.8216238431632519
97,216,-0.46237757911082866,177.85454204137713,0.8020251011475921
98,216,-3.3335350763117333,178.19960799421935,0.7467789612710476
99,216,-0.18945026243155638,167.70276776117444,0.7413181401789188
100,216,-1.4900888478450725,165.2317443904831,0.7911145351827145
101,64,-14.74861100749969,204.8207598357441,0.2765742288902402
102,64,3.2505687005981443,106.91959762193508,0.2597916442900896
103,216,-3.4584545352567275,156.58723865581987,0.7986779157072306
104,216,-1.1089413126992298,161.5856565766574,0.7943848734721541
105,216,-3.8607039017062306,173.8644337455511,0.7882099030539393
106,216,-2.724584136853281,165.17237698580112,0.8019767478108406
107,216,3.5525572101411385,160.39679639358613,0.8011777205392718
108,216,-2.011217635769391,160.88471855292244,0.8126298291608691
109,216,-1.73809996153107,166.58336935056647,0.7929894430562854
110,216,-4.570475333643742,171.8532307718573,0.792202714830637
111,216,0.9306851571189156,170.8675091890459,0.8120796335861087
112,64,10.032385027569646,172.57715962479293,0.2769770715385675
113,64,-13.672598676384595,169.5892779654951,0.2670994438230991
114,216,5.643618942076323,167.19656090186035,0.7984266495332122
115,64,-3.7198605147503727,184.0442617058806,0.2716188440099358
116,216,-6.666330008283872,172.95043975565133,0.796538750641048
117,216,-1.3815240683650032,172.97446166072706,0.7937082601711154
118,216,-2.5318274352130743,172.87184948386994,0.7934634536504745
119,216,-10.615986591560045,180.67190273804613,0.7864531567320228
120,216,-7.058535764113749,176.08982607280103,0.7748537445440888
121,216,-5.744315594895966,181.00470375365344,0.7977192206308246
122,216,0.32212768954043014,183.7191525619565,0.7496791807934642
123,216,-4.200051323334897,172.76889707428722,0.7635938357561827
124,64,-45.674695488142625,209.15519736943943,0.2436950681731104
125,216,-3.66335533708817,168.93522805767475,0.7617937596514821
126,216,-3.7003171533314116,167.75437095312188,0.7844391241669655
127,64,-6.542171892917281,162.1096343731078,0.2432310516014695
128,216,-5.196856471427758,166.12322806361112,0.7781512141227722
129,216,-8.018349957019666,170.08381386199704,5.194883839227259
130,216,-3.287585984364405,173.5202826245808,0.7847416484728456
131,216,1.669950636419948,175.73134227502968,0.7830975344404578
132,216,-0.9166329798260264,188.4594139103612,0.7695270953699946
133,216,-5.083726562834734,180.1676498097601,0.7795249428600073
134,216,1.3398266112831791,161.9758354557342,0.7555114785209298
135,64,-21.7933737341367,172.3869633720735,0.2431125650182366
136,216,-3.686963829210299,162.4460329663934,0.7614037040621042
137,216,-3.5389864394597126,175.73733043009224,0.7568463571369648
138,216,-3.349832235597816,179.65885924095747,0.7732043340802193
139,64,4.02132395335375,107.88563124311072,0.2506031468510628
140,64,4.589145833035602,105.40075988647348,0.2308256570249796
141,216,-2.684353445054022,177.8347395297778,0.7802938940003514
142,216,-4.604353180762466,176.39132621056385,0.7747571300715208
143,216,-0.36418163133600245,175.421161531958,0.7719188677147031
144,216,-9.413218918295385,181.58353730790333,0.7901815762743354
145,216,-5.728364950726927,179.398365369326,0.8027150137349963
146,64,-9.595864497405238,172.8023716309361,0.2674038270488381
147,216,0.45157003441165244,177.16730109521552,0.8111410764977336
148,216,-4.469936151427767,177.8476769640326,0.7874435260891914
149,216,-8.621969641111171,189.46237535831943,0.7909635594114661
150,216,1.9751701880217354,173.39784193333435,0.7803696179762483
151,216,-7.41364265186828,170.45014926756528,0.7894135070964694
152,64,3.702251855172811,109.88694131018016,0.2453703172504902
153,216,-7.466687373037573,169.68797664961076,0.7739890888333321
154,216,-10.844070508040815,181.8949036853081,0.786746671423316
155,216,-12.427100461497531,179.82019899892322,0.7943095918744802
156,216,2.363559884006605,170.16311875683795,0.7927414933219552
157,64,-2.1040085451273782,149.35538111678713,0.2445072447881102
158,216,-4.918074682475293,177.17178789947084,0.7786712646484375
159,216,-5.585329315529464,171.221778208744,0.7877543410286307
160,216,-2.626088186338471,179.46337741624365,0.7895830115303397
161,216,-11.063745452844387,170.0645243312131,0.8000301020219922
162,216,-9.990390391463322,160.867890598641,0.793192557990551
163,216,-3.5574741983310787,165.9835241558077,0.7761216228827834
164,64,-14.492600306088121,162.95887025613962,0.2499955659732222
165,216,-14.92150954117566,178.01444276830185,0.7951477775350213
166,216,-8.251996046939603,177.30948935196275,0.7810041476041079
167,216,-11.849708193642172,168.93969994549977,0.7910261228680611
168,64,-11.923898731547311,155.78736180871792,0.2599085383117199
169,216,-11.137438062794658,174.1347498912667,0.788612486794591
170,64,2.722978292627687,109.63325963564932,0.2449679346755147
171,64,2.8061046915475174,113.94160034589096,0.2449075942859053
172,64,4.54780418767875,100.03483217828806,0.2481914637610316
173,64,3.2492433619681904,111.96888241490365,0.2428326662629842
174,64,3.280115229936875,111.51186525121388,0.24714529607445
175,64,3.088137382263767,112.11295378992186,0.2388238916173577
176,64,4.416738072586135,101.50369347848056,0.2511411923915148
177,64,0.3274241122959154,172.51362021528453,0.2398758959025144
178,64,4.136026690575001,104.80358970506126,0.254298442043364
179,64,4.840018231195842,100.4816309535414,0.2455903170630335
180,64,3.176797102963924,161.24684526069674,0.2591232620179653
181,64,4.2563326983611205,101.58140591202832,0.2513734195381403
182,64,-1.8970593116689471,157.1612097449239,0.2486044317483902
183,64,-1.6393633455740186,162.48714573987195,0.2573204096406698
184,64,-6.794253209273293,158.3004755070171,0.2555871438235044
185,64,-1.7685185503530931,169.3259538737769,0.2577346106991172
186,64,6.522479704520023,175.28681159161405,0.2516753943637013
187,64,-2.8984897489428008,166.26116839894078,0.2497993120923638
188,64,5.3693724658492314,162.68714534287494,0.2412675004452467
189,64,11.46457507400278,166.1455111063977,0.261200362816453
190,64,-13.818388077704746,173.84151976641652,0.2570824939757585
191,64,8.242411471327316,169.99717083803085,0.2640542183071375
192,64,-5.15532021345777,182.67932322257263,0.2534991446882486
193,64,18.1875310477686,166.4068302955802,0.2497306987643242
194,64,-2.5175737103451112,171.96327837462843,0.2480554897338152
195,64,8.659954523902336,178.25904152674906,0.2516748029738664
196,64,13.922359083551328,177.1164996553118,0.240795524790883
197,64,12.107588378092338,160.87420283453798,0.2393995616585016
198,64,-2.4361208898566744,170.5653098345641,0.2536035608500242
199,64,3.908794492206269,167.0363499606813,0.2552435602992773
200,64,-3.6837377273961636,159.25911348251051,0.2522285925224423
201,64,-7.964720120644309,180.1760790431008,0.2448566881939768
202,64,8.970204658768743,173.05225601731027,0.2590072574093938
203,64,0.897032277540788,167.17796004887182,0.2488766806200146
204,64,3.7444287583499047,101.28854266213013,0.2454621447250247
205,64,-7.705889456365966,204.4148129014964,0.2530907746404409
206,64,-4.468270592603574,185.89666290979764,0.2465682923793792
207,64,-1.652128693203636,159.51654211812206,0.258627699688077
208,64,1.453773211490983,177.98366563459757,0.2428451040759682
209,64,-45.49516569740586,220.45755306805825,0.2550304690375924
210,64,-5.662120608885601,190.285524608852,0.239836286753416
211,64,-4.347156383230022,166.73655655872082,0.2395855812355876
212,64,5.400047307776212,196.56309473753288,0.2524342099204659
213,64,-46.72772733222885,226.7304888234956,0.2432366702705621
214,64,8.27292205118102,163.0241085745272,0.2392357774078846
215,64,-1.7592850950345351,195.2974379817899,0.237832834944129
216,64,-11.52339565430438,179.217602891022,0.243567026220262
217,64,-11.323367203661228,185.56410734224096,0.2445875853300094
218,64,-0.6519790430736805,161.093935949151,0.2578486315906048
219,64,4.032160777907912,100.05545958629683,0.2409425536170601
220,64,2.983417606102101,105.4214952714614,0.2490699104964733
221,64,-29.400527255901032,161.74105473194544,0.2360098352655768
222,64,3.711001928463631,114.5702923638887,0.2409207820892334
223,64,-6.188181285676109,162.07778503144857,0.2752764411270618
224,64,-11.245648141636089,180.69325388323452,0.2557872543111443
225,64,4.647881913390606,93.98561199997152,0.2383592845872044
226,64,-13.945707473071778,177.12230426527864,0.2500567492097616
227,64,2.4326245365369203,106.18308095494692,0.2417227914556861
228,64,-18.36708018158717,173.1987805386522,0.252160650677979
229,64,3.901550670504683,105.8292558449988,0.2418261487036943
230,64,-2.1590834755729205,191.4189226402563,0.2457781489938497
231,64,-6.320618686059376,166.98905795371996,0.2600743975490331
232,64,-2.4771678998396496,183.7410909584576,0.2491297787055373
233,64,-1.730023394275193,163.72557134713918,0.2539534866809845
234,64,0.38064974272433716,161.29206714966065,0.2547720624133944
235,64,-6.9576084994578125,157.25796622605193,0.2593332855030894
236,64,-1.6945798951537583,167.78266094206364,0.2507762555032968
237,64,1.0723509457166713,152.9564852827238,0.2574923476204276
238,64,-11.934692806653047,162.69742918383164,0.242154479958117
239,64,2.928851079048833,111.1271835230752,0.2493138555437326
240,64,-4.8747484589801715,157.16976865204245,0.2599775921553373
241,64,-0.20176263401872063,157.8987530459979,0.2532176440581679
242,64,-7.693546352165015,189.0739328846064,0.2504640789702534
243,64,1.443121828515359,185.4601590255522,0.248414128087461
244,64,10.238663012529514,158.01439347197476,0.249870709143579
245,64,-2.606982857624729,167.427233462916,0.2493699798360467
246,64,-4.8288949988961605,195.48300736595925,0.2464500749483704
247,64,-1.8451961647398818,166.37822206513414,0.2582448162138462
248,64,2.3712105622362145,163.8297506929737,0.2545689679682255
249,64,6.5670245578957065,202.82307562514603,0.2596911918371916
250,64,-0.8656523776409131,176.98216381159355,0.248148949816823
251,64,-13.186072404023363,171.85870676581317,0.2394472947344184
252,64,1.5858298160811302,195.62463652909895,0.2561210943385958
253,64,2.208853420355261,182.5821513390247,0.2546262135729193
254,64,-5.190402786965365,158.9546330681892,0.2273932648822665
255,64,1.6155302567550933,177.67425036391575,0.2572424039244652
256,64,2.2270314055194973,167.0838951438523,0.2592998761683702
257,64,-4.135579799612543,179.19582841005302,0.2738832030445337
258,64,-12.888550408029609,175.4687354540136,0.2568041868507862
259,64,-4.133143005708995,166.75482351840327,0.2587429312989115
260,64,-14.91279182950045,175.5476565657315,0.2483451543375849
261,64,2.0262827390427063,179.16183853671393,0.2494501089677214
262,64,-13.035709911182636,177.98900653957665,0.2454036679118871
263,64,-4.5425760994044495,172.9414129494548,0.2376627102494239
264,64,-4.711880403844404,193.86496031653343,0.2387764593586325
265,64,4.976181021558723,155.44417856444358,0.2364603597670793
266,64,-0.006155597710666427,181.83451677246816,0.2463312176987528
267,64,-14.662782691181597,201.59953085748973,0.2555691171437502
268,64,-7.372716326607964,171.46760136029084,0.244190770201385
269,64,-0.3024792958106204,154.26109921240982,0.2455769069492817
270,64,-6.777434089412893,162.8889446650289,0.2432628497481346
271,64,-4.29508108906429,172.54240652567714,0.2497763279825449
272,64,-9.569099334683528,155.8337379023707,0.238210760988295
273,64,-15.151189386004127,188.87076614255017,0.2659956961870193
274,64,-15.776350964711305,185.3961141740089,0.2487048525363207
275,64,-11.0765412085847,165.1898024434073,0.2430270472541451
276,64,-9.704506019417636,154.55685387773178,0.2496590530499816
277,64,3.324222761259321,103.2364063807556,0.252357636578381
278,64,-13.6961846250232,183.5127443409281,0.2438096795231104
279,64,-16.769710386652648,190.12356657450889,0.261321916244924
280,64,-11.314398199137266,165.70124145247323,0.2471365435048937
281,64,-7.81977294737235,173.52970896886984,0.2482007481157779
282,64,-16.06817424190421,179.03226460140917,0.2605825867503881
283,64,-11.827024704152755,186.22235786289127,0.2593597248196602
284,64,-12.602260579511082,173.95555959917402,0.2471087016165256
285,64,-11.037380618325265,170.47737090761206,0.2606041301041841
286,64,-18.57338529496033,176.63316645002024,0.2485217098146677
287,64,-1.5961186060469146,169.00427579038248,0.2587629612535238
288,64,-9.945759601266424,176.69848979105728,0.255975435487926
289,64,7.148384575154765,179.52805508889654,0.2454591104760766
290,64,-12.926289151951487,176.86104751633934,0.2620012126863003
291,64,-0.002296929848988327,164.2024966471034,0.2460028855130076
292,64,-9.742147861563133,169.75849909491163,0.2567815529182553
293,64,-18.271527742769855,176.6344021456539,0.2715391414240002
294,64,-14.621158411742385,151.0578046423163,0.2448982801288366
295,216,4.113506653474985,166.6348125156727,0.78043891210109
296,216,13.99253881958984,160.8862539467026,0.78025097027421
297,216,1.0748229103896279,175.50340547189728,0.7678152797743678
298,216,7.735133927402771,168.31071689943207,0.7776909051463008
299,216,11.538334359484814,182.6811870454671,0.79245924949646
300,216,0.7174664540245956,160.0632680892888,0.7600906984880567
301,64,7.847117167525397,168.12409304405935,0.2357105761766433
302,64,-7.948536235137027,161.70686466527877,0.245411048643291
303,216,10.050575385773364,167.0800409502678,0.7748163873329759
304,216,-1.8671066748980891,143.2855942434237,0.7615247555077076
305,216,7.206711544808009,182.07873088689337,0.7635578708723187
306,216,8.013229178651216,161.22737445328582,0.7746734637767076
307,216,9.197491239443245,170.30751118068636,0.7868237467482686
308,216,-4.416344800430849,104.1885367097775,0.76149214617908
309,216,-4.129273450746318,163.90510263696132,0.7843293501064181
310,216,10.884260055958883,162.92450264207906,0.7870326200500131
311,216,-3.2294692118339796,155.3764552636354,0.7668723268434405
312,216,-2.2710099460789834,146.46430651851543,0.7567192455753684
313,64,6.972115626932229,170.5402067069215,0.2457851087674498
314,64,-3.938932403068307,165.6712672057348,0.2585718352347612
315,216,-7.948867223420919,149.73178620546193,0.771098849363625
316,216,-9.296282417819768,115.41685387899004,0.7625609179958701
317,216,-10.16352461617398,154.28635412613485,0.7787565411999822
318,216,7.042224354400162,136.92594056314354,0.7575243627652526
319,216,2.5375913016905116,143.44030434973493,0.775734675116837
320,216,0.7743734113105916,158.3729647159654,0.7611405495554209
321,216,8.540183630545428,143.6448020223401,0.7785200467333198
322,216,-9.073002548459996,110.0277378306774,0.7694705296307802
323,216,-8.932011807304185,117.70612195414174,0.7540976889431477
