cell,density,frac_Si_CN4,frac_O_CN2
0,2.0831801015741154,1.0,1.0
1,2.1312326139128404,1.0,1.0
2,2.2367555167400317,1.0,1.0
3,2.2237493062437586,1.0,1.0
4,2.300497212839691,1.0,1.0
5,2.253077694977778,1.0,1.0
6,2.202290793011278,1.0,1.0
7,2.3364756296574383,1.0,1.0
8,2.228527388315124,1.0,1.0
9,2.142032846009487,1.0,1.0
10,2.2602212467341456,1.0,1.0
11,2.209424654623003,1.0,1.0
12,2.2090051785100226,1.0,1.0
13,2.1367061074368094,1.0,1.0
14,2.2193757661910514,1.0,1.0
15,2.193264959103687,1.0,1.0
16,2.1752426894461636,1.0,1.0
17,2.247300039379903,1.0,1.0
18,2.132250208664362,1.0,1.0
19,2.2489353817227755,1.0,1.0
20,2.212068034239854,1.0,1.0
21,2.200573007626572,1.0,1.0
22,2.1210638958507935,1.0,1.0
23,2.221968453884611,1.0,1.0
24,2.2022694112291052,1.0,1.0
25,2.219625093059909,1.0,1.0
26,2.189360491370091,1.0,1.0
27,2.1415656648045203,1.0,1.0
28,2.1775224438330505,1.0,1.0
29,2.225638890847938,1.0,1.0
30,2.1276548726530393,1.0,1.0
31,2.131705715159471,1.0,1.0
32,2.1369359827838577,1.0,1.0
33,2.262339748777808,1.0,1.0
34,2.188680197121126,1.0,1.0
35,2.19180116602555,1.0,1.0
36,2.116772943999699,1.0,1.0
37,2.247520986925574,1.0,1.0
38,2.1262327546257893,1.0,1.0
39,2.189289662348024,1.0,1.0
40,2.1342668517554095,1.0,1.0
41,2.191026002019852,1.0,1.0
42,2.1604150221581833,1.0,1.0
43,2.2218729425619728,1.0,1.0
44,2.3240001079037644,1.0,1.0
45,2.2211902358539906,1.0,1.0
46,2.1961378646313543,0.98,1.0
47,2.210904817806831,1.0,1.0
48,2.2455094679559817,1.0,1.0
49,2.177103415143866,1.0,1.0
50,2.2132837766931917,1.0,1.0
51,2.2070382816274483,0.98,1.0
52,2.2448689338327426,1.0,1.0
53,2.287923642114657,0.99,0.995
54,2.1487605450252194,1.0,1.0
55,2.1427865355926725,1.0,1.0
56,2.1691980732242357,0.99,0.995
57,2.122357143951056,1.0,1.0
58,2.2392397196729257,1.0,1.0
59,2.1703133302223017,1.0,1.0
60,2.2234082998180664,0.99,0.995
61,2.2006958174282842,1.0,1.0
62,2.1913737774471604,1.0,1.0
63,2.216941671038843,0.99,0.995
64,2.2480283540774195,0.99,0.995
65,2.193109434952028,0.99,0.995
66,2.2725771868174105,0.98,1.0
67,2.2064046753648636,1.0,1.0
68,2.2195413196171994,0.99,0.995
69,2.2139340759507484,0.99,0.995
70,2.2325105945120844,0.99,0.995
71,2.263819298750254,0.98,1.0
72,2.265291291761213,1.0,1.0
73,2.263078035514372,0.99,0.995
74,2.224587115482891,0.99,0.995
75,2.2121646991585564,1.0,1.0
76,2.235338189750844,1.0,1.0
77,2.211097062354554,0.98,1.0
78,2.240532106707975,1.0,1.0
79,2.2691042954028853,1.0,0.99
