cell,density,frac_sp2,frac_sp3
0,3.0002497901637515,0.37962962962962965,0.6157407407407407
1,3.0002497901637515,0.44907407407407407,0.5462962962962963
2,3.0002497901637515,0.4583333333333333,0.5277777777777778
3,3.0002497901637515,0.4722222222222222,0.5185185185185185
4,3.0002497901637515,0.47685185185185186,0.5138888888888888
5,3.0002497901637515,0.4351851851851852,0.5555555555555556
6,3.0002497901637515,0.39814814814814814,0.6018518518518519
7,3.0002497901637515,0.39814814814814814,0.6018518518518519
8,3.0002497901637515,0.3333333333333333,0.6666666666666666
9,3.0002497901637515,0.4444444444444444,0.5509259259259259
10,3.0002497901637515,0.3425925925925926,0.6527777777777778
11,3.0002497901637515,0.4166666666666667,0.5787037037037037
12,3.0002497901637515,0.48148148148148145,0.5185185185185185
13,3.0002497901637515,0.4074074074074074,0.5925925925925926
14,3.0002497901637515,0.4351851851851852,0.5648148148148148
15,3.0002497901637515,0.39814814814814814,0.5925925925925926
16,3.0002497901637515,0.41203703703703703,0.5694444444444444
17,3.0002497901637515,0.4074074074074074,0.5879629629629629
18,3.0002497901637515,0.4074074074074074,0.5879629629629629
19,3.0002497901637515,0.37962962962962965,0.6203703703703703
