system,group,descriptor,kind,N_available,R_at_N,reached_q_conv,n_required,n_extrapolated_sqrt
a-SiO2,11.0,density,density,20,1.310263068698153,False,,979.2785958184076
a-SiO2,11.0,frac_Si_CN4,fraction,20,0.0,True,2.0,0.0
a-SiO2,11.0,frac_O_CN2,fraction,20,0.0,True,2.0,0.0
a-SiO2,11.0,SiO_cdf,cdf,20,0.5300537744495013,False,,170.3761323172169
a-SiO2,11.0,SiSi_cdf,cdf,20,1.029570823431897,False,,646.0324485368241
a-SiO2,11.0,OO_cdf,cdf,20,0.3692839608181653,False,,92.80828432110856
a-SiO2,11.0,ring_pmf,pmf,20,0.4809825925551306,False,,146.36448463291924
a-SiO2,11.0,Q,max,20,1.310263068698153,False,,979.2785958184076
a-SiO2,12.0,density,density,20,0.9570893439611854,False,,513.7602697871775
a-SiO2,12.0,frac_Si_CN4,fraction,20,0.0,True,2.0,0.0
a-SiO2,12.0,frac_O_CN2,fraction,20,0.0,True,2.0,0.0
a-SiO2,12.0,SiO_cdf,cdf,20,0.8092903679923933,False,,368.4489780068743
a-SiO2,12.0,SiSi_cdf,cdf,20,0.8116127288271204,False,,458.2132481882589
a-SiO2,12.0,OO_cdf,cdf,20,0.4899668147820725,False,,149.16491666122928
a-SiO2,12.0,ring_pmf,pmf,20,0.4564995874254564,False,,120.35410631207624
a-SiO2,12.0,Q,max,20,0.9570893439611854,False,,513.7602697871775
a-SiO2,13.0,density,density,20,1.093087895781638,False,,701.4467549252847
a-SiO2,13.0,frac_Si_CN4,fraction,20,0.153730256492545,True,16.0,14.078806840280494
a-SiO2,13.0,frac_O_CN2,fraction,20,0.0360129487088115,True,2.0,0.6856345771737916
a-SiO2,13.0,SiO_cdf,cdf,20,0.5691899647711494,False,,188.41922373047493
a-SiO2,13.0,SiSi_cdf,cdf,20,0.9624653070092803,False,,584.5763471923842
a-SiO2,13.0,OO_cdf,cdf,20,0.5653714725804593,False,,191.67988361360304
a-SiO2,13.0,ring_pmf,pmf,20,0.5622852010584156,False,,199.30222462862423
a-SiO2,13.0,Q,max,20,1.093087895781638,False,,701.4467549252847
a-SiO2,14.0,density,density,20,0.5457515990447549,False,,168.29514146982456
a-SiO2,14.0,frac_Si_CN4,fraction,20,0.1676311534845946,True,16.0,15.636362589219882
a-SiO2,14.0,frac_O_CN2,fraction,20,0.0707644005728762,True,5.0,2.8750687104183936
a-SiO2,14.0,SiO_cdf,cdf,20,0.7931309329172236,False,,348.152891672307
a-SiO2,14.0,SiSi_cdf,cdf,20,0.9546108185122604,False,,525.921368740289
a-SiO2,14.0,OO_cdf,cdf,20,0.4789523113181288,False,,137.81596170618656
a-SiO2,14.0,ring_pmf,pmf,20,0.5876839083790826,False,,194.29980091974983
a-SiO2,14.0,Q,max,20,0.9546108185122604,False,,525.921368740289
a-C,1.5,density,density,20,7.107391295682257e-15,True,2.0,0.0
a-C,1.5,frac_sp2,fraction,20,1.0082940477603144,False,,563.7239324084169
a-C,1.5,frac_sp3,fraction,20,0.4835710574482778,False,,136.22892776535568
a-C,1.5,CC_cdf,cdf,20,1.3340531796868096,False,,1010.8209323466078
a-C,1.5,ring_pmf,pmf,20,0.5410420884140119,False,,182.5251232619308
a-C,1.5,Q,max,20,1.3340531796868096,False,,1010.8209323466078
a-C,2.0,density,density,20,1.0661086935601482e-14,True,2.0,0.0
a-C,2.0,frac_sp2,fraction,20,0.6809080820704125,False,,277.2669166325273
a-C,2.0,frac_sp3,fraction,20,0.592238134706197,False,,198.12564035526344
a-C,2.0,CC_cdf,cdf,20,1.0279407529352345,False,,665.2613626328351
a-C,2.0,ring_pmf,pmf,20,0.4492089176256997,False,,121.45755913120156
a-C,2.0,Q,max,20,1.0279407529352345,False,,665.2613626328351
a-C,2.5,density,density,20,0.0,True,2.0,0.0
a-C,2.5,frac_sp2,fraction,20,0.8011170930167625,False,,362.9636215460535
a-C,2.5,frac_sp3,fraction,20,0.8134557932378335,False,,376.8081266648974
a-C,2.5,CC_cdf,cdf,20,1.2162723544036829,False,,856.7924081061249
a-C,2.5,ring_pmf,pmf,20,0.4128642529705884,False,,107.4611037158198
a-C,2.5,Q,max,20,1.2162723544036829,False,,856.7924081061249
a-C,3.0,density,density,20,7.10739129739553e-15,True,2.0,0.0
a-C,3.0,frac_sp2,fraction,20,0.9548647325439128,False,,501.6825358787636
a-C,3.0,frac_sp3,fraction,20,0.9990620822139415,False,,555.915191308805
a-C,3.0,CC_cdf,cdf,20,1.0832981833354167,False,,672.8866023818877
a-C,3.0,ring_pmf,pmf,20,0.3045448304933569,False,,57.46144090706323
a-C,3.0,Q,max,20,1.0832981833354167,False,,672.8866023818877
a-C,3.5,density,density,20,0.0,True,2.0,0.0
a-C,3.5,frac_sp2,fraction,20,0.4788534913279802,False,,125.10631487973208
a-C,3.5,frac_sp3,fraction,20,0.5104182804236209,False,,149.09305202439035
a-C,3.5,CC_cdf,cdf,20,0.8043591124241446,False,,380.8010437515936
a-C,3.5,ring_pmf,pmf,20,0.322869362994279,False,,60.05073079567019
a-C,3.5,Q,max,20,0.8043591124241446,False,,380.8010437515936
