group,n,descriptor,kind,R_median,R_q25,R_q75
14,2,density,density,6.691971358693788,2.6610964758087676,13.193591406804178
14,2,frac_Si_CN4,fraction,3.1765511840436758,0.0,3.1765511840436758
14,2,frac_O_CN2,fraction,1.5882755920218379,0.0,1.5882755920218379
14,2,SiO_cdf,cdf,16.30072318127675,11.623424586626143,21.108124695182692
14,2,SiSi_cdf,cdf,22.668749613385316,18.89446914927015,28.312956535722066
14,2,OO_cdf,cdf,12.28485341632738,10.036626881171964,15.543172438545442
14,2,ring_pmf,pmf,11.48663597801507,7.962543238605524,14.142843470115265
14,2,Q,max,22.668749613385316,,
14,3,density,density,2.7724898476961055,1.8096630110087815,3.4644501437622632
14,3,frac_Si_CN4,fraction,0.7171087882915776,0.7171087882915776,1.242068855875166
14,3,frac_O_CN2,fraction,0.3585543941457889,0.3585543941457889,0.3585543941457889
14,3,SiO_cdf,cdf,4.457091027607324,3.394389360947768,5.3196333229381825
14,3,SiSi_cdf,cdf,6.297262172753527,5.087960978811152,7.31048214933979
14,3,OO_cdf,cdf,3.451293229460549,2.883810191322461,3.8073340399152373
14,3,ring_pmf,pmf,3.239212036821068,2.453312129702305,3.9700690322086634
14,3,Q,max,6.297262172753527,,
14,4,density,density,1.821790193395323,1.3745763337141137,2.208658782719563
14,4,frac_Si_CN4,fraction,0.4593465577592701,0.3978057881604638,0.7617400904144068
14,4,frac_O_CN2,fraction,0.22967327887963498,0.1989028940802319,0.22967327887963504
14,4,SiO_cdf,cdf,2.80555836797018,2.1965003643741308,3.2848214459517906
14,4,SiSi_cdf,cdf,3.5896302720950555,3.09564444704002,4.0709673776970146
14,4,OO_cdf,cdf,2.0254685803559416,1.7693816467620165,2.245131024272335
14,4,ring_pmf,pmf,2.1840569072682166,1.7702246169555758,2.3688020379991115
14,4,Q,max,3.5896302720950555,,
14,5,density,density,1.475480106620666,1.2049622360968584,1.6466214094747451
14,5,frac_Si_CN4,fraction,0.43899451654254174,0.34004369032912807,0.5194253168417843
14,5,frac_O_CN2,fraction,0.17002184516456403,0.17002184516456403,0.21949725827127087
14,5,SiO_cdf,cdf,2.0433314029519285,1.6949149640964511,2.315555110216691
14,5,SiSi_cdf,cdf,2.7165594174772068,2.39736676254441,3.0737551180408382
14,5,OO_cdf,cdf,1.5343777339147886,1.3571103675656275,1.6722239951716662
14,5,ring_pmf,pmf,1.6301242521621595,1.3631800625347348,1.8116088331681728
14,5,Q,max,2.7165594174772068,,
14,6,density,density,1.2118712636272098,1.0678859693718261,1.3829533705949784
14,6,frac_Si_CN4,fraction,0.3634269566143673,0.28739978631044977,0.4284303059393861
14,6,frac_O_CN2,fraction,0.14369989315522488,0.1354815585411225,0.1738219111492814
14,6,SiO_cdf,cdf,1.75620105744549,1.528189415515148,1.99307312890088
14,6,SiSi_cdf,cdf,2.2090804980492225,2.017689100550315,2.512651902541811
14,6,OO_cdf,cdf,1.209880067345503,1.124806194332918,1.3144659799012897
14,6,ring_pmf,pmf,1.3522253289095776,1.194689577999359,1.5659815152049712
14,6,Q,max,2.2090804980492225,,
14,7,density,density,1.046311192316639,0.9575453411920496,1.2194231571117506
14,7,frac_Si_CN4,fraction,0.3495588358778544,0.24717542327290626,0.3638323717299458
14,7,frac_O_CN2,fraction,0.12358771163645313,0.12358771163645313,0.1747794179389272
14,7,SiO_cdf,cdf,1.564926072828574,1.3777985524560163,1.7870633661431774
14,7,SiSi_cdf,cdf,1.9945470065233595,1.788079443084953,2.226023434136811
14,7,OO_cdf,cdf,1.0393758263646462,0.9625059822397157,1.149186668739568
14,7,ring_pmf,pmf,1.154867855950457,1.0603568596607233,1.2886160755216653
14,7,Q,max,1.9945470065233595,,
14,8,density,density,0.9820960131010089,0.8727819940450084,1.0695003298867298
14,8,frac_Si_CN4,fraction,0.2955780314490983,0.26789034080680785,0.3159862070684625
14,8,frac_O_CN2,fraction,0.1117179948897632,0.10817048341993456,0.14778901572454914
14,8,SiO_cdf,cdf,1.4158888466865767,1.2485555354513478,1.5623623327320784
14,8,SiSi_cdf,cdf,1.7795187645837063,1.6075069015115035,1.998967096610751
14,8,OO_cdf,cdf,0.9407460034966318,0.8679787185144721,1.0196173078023982
14,8,ring_pmf,pmf,1.0504591061655644,0.958088430388059,1.156282856586983
14,8,Q,max,1.7795187645837063,,
14,9,density,density,0.9060357843616537,0.8300178122431765,0.9564510717506158
14,9,frac_Si_CN4,fraction,0.27176519357451456,0.256222681689352,0.30044772605498965
14,9,frac_O_CN2,fraction,0.10128090779183392,0.10128090779183392,0.13588259678725728
14,9,SiO_cdf,cdf,1.2907353210763979,1.1604010441170804,1.41615242890816
14,9,SiSi_cdf,cdf,1.5940068457426162,1.4611363464236675,1.7196886172923052
14,9,OO_cdf,cdf,0.8208444292955961,0.770440824189933,0.8862077514980984
14,9,ring_pmf,pmf,0.9600277174826447,0.8608730520340369,1.067509711556591
14,9,Q,max,1.5940068457426162,,
14,10,density,density,0.8355323054749253,0.7689547811269543,0.885436180002862
14,10,frac_Si_CN4,fraction,0.25009088419388564,0.2406739924724995,0.2821405686075831
14,10,frac_O_CN2,fraction,0.09425654844992527,0.09235217944729505,0.12070727798329603
14,10,SiO_cdf,cdf,1.180089643497149,1.0608194066797139,1.2972670842530547
14,10,SiSi_cdf,cdf,1.4929693875429944,1.3626609623032107,1.6471162115777447
14,10,OO_cdf,cdf,0.7674780688926904,0.7153406291683626,0.8350418721839222
14,10,ring_pmf,pmf,0.916709000181672,0.834940690416678,0.9925448138658854
14,10,Q,max,1.4929693875429944,,
14,11,density,density,0.7822929966563321,0.7422172728902605,0.8399398293973115
14,11,frac_Si_CN4,fraction,0.23535121818492433,0.21721933834908122,0.2641034211453526
14,11,frac_O_CN2,fraction,0.10860966917454058,0.08771022040814591,0.11379402349168001
14,11,SiO_cdf,cdf,1.1381831160643756,1.0464965841848746,1.2362497510948836
14,11,SiSi_cdf,cdf,1.3781230743266308,1.2499331691803879,1.4996382810950326
14,11,OO_cdf,cdf,0.7049117270602785,0.6579938705601838,0.7580273207964631
14,11,ring_pmf,pmf,0.8405621515493499,0.7666359328954526,0.924372505384052
14,11,Q,max,1.3781230743266308,,
14,12,density,density,0.746858921465682,0.6988351974862926,0.792042611375881
14,12,frac_Si_CN4,fraction,0.23462580640980288,0.2123907193833771,0.2473173153695702
14,12,frac_O_CN2,fraction,0.10346025581972045,0.08179251392350191,0.10619535969168856
14,12,SiO_cdf,cdf,1.0744970313666666,0.9945758172658867,1.1450997306375064
14,12,SiSi_cdf,cdf,1.3240359621756115,1.224354737768473,1.4019431639390976
14,12,OO_cdf,cdf,0.677780597996595,0.6234909821698966,0.7270104447627972
14,12,ring_pmf,pmf,0.80346580975802,0.7410618726625549,0.8787633761954998
14,12,Q,max,1.3240359621756115,,
14,13,density,density,0.7087206515503033,0.6617003560949049,0.7460847123377079
14,13,frac_Si_CN4,fraction,0.21905989698114622,0.1965295775764742,0.22949710295969292
14,13,frac_O_CN2,fraction,0.0982647887882371,0.07838818383194449,0.0982647887882371
14,13,SiO_cdf,cdf,1.0090386469627308,0.9424866954099226,1.084255550470499
14,13,SiSi_cdf,cdf,1.2348792961242911,1.1468339126320037,1.3200632575646416
14,13,OO_cdf,cdf,0.647331160491728,0.5996528942287029,0.6825366164685778
14,13,ring_pmf,pmf,0.7616878206728523,0.6995981121698696,0.8108996027077408
14,13,Q,max,1.2348792961242911,,
14,14,density,density,0.6700047655087176,0.6313415463589883,0.6989879394350289
14,14,frac_Si_CN4,fraction,0.2096687841427403,0.1914005377994339,0.2223873286057052
14,14,frac_O_CN2,fraction,0.09141755350628122,0.07412910953523506,0.09327708397084582
14,14,SiO_cdf,cdf,0.9742773306897787,0.9122689844708725,1.0221052054379942
14,14,SiSi_cdf,cdf,1.188617034742439,1.1190059946417903,1.2535573472688262
14,14,OO_cdf,cdf,0.6198423582400332,0.5713073966767173,0.6429157568722431
14,14,ring_pmf,pmf,0.7413191415295783,0.6988360286852877,0.7783901120269335
14,14,Q,max,1.188617034742439,,
14,15,density,density,0.6482592490299011,0.6184793073890695,0.6757309017964068
14,15,frac_Si_CN4,fraction,0.2003988271505214,0.19485677145542926,0.21447866879178057
14,15,frac_O_CN2,fraction,0.0875605498752095,0.07149288959726019,0.08859680547037224
14,15,SiO_cdf,cdf,0.9381463365805458,0.8869259482982997,0.982475785568339
14,15,SiSi_cdf,cdf,1.1501332622488336,1.0856607068092403,1.196311321677951
14,15,OO_cdf,cdf,0.5845064429017727,0.5443058594635687,0.6048972273740002
14,15,ring_pmf,pmf,0.7002928982112696,0.6617220194875788,0.7421054742717126
14,15,Q,max,1.1501332622488336,,
14,16,density,density,0.6220426826405334,0.5988716572705224,0.6484450570541123
14,16,frac_Si_CN4,fraction,0.19150948635886575,0.1820071546123167,0.1998233948962292
14,16,frac_O_CN2,fraction,0.0838129748755698,0.08247899622196303,0.0838129748755698
14,16,SiO_cdf,cdf,0.9052747376813743,0.8666741580353045,0.9476336528481253
14,16,SiSi_cdf,cdf,1.0917110063633761,1.0360278303816886,1.1301887311570067
14,16,OO_cdf,cdf,0.5534163346443972,0.5198881600959261,0.5722618302320677
14,16,ring_pmf,pmf,0.6720742325002416,0.645830879262479,0.7037109756927714
14,16,Q,max,1.0917110063633761,,
14,17,density,density,0.6010145797660152,0.5814721109798928,0.6182466481203674
14,17,frac_Si_CN4,fraction,0.18705046757834612,0.17635287206501735,0.19343627149810577
14,17,frac_O_CN2,fraction,0.07948116535072014,0.07948116535072014,0.08024176799522219
14,17,SiO_cdf,cdf,0.8818224094234347,0.8412071540648599,0.9063016308193949
14,17,SiSi_cdf,cdf,1.0601772905808806,1.0278267024564465,1.1020469395794215
14,17,OO_cdf,cdf,0.5333160844940636,0.5201464480302136,0.5508554815469214
14,17,ring_pmf,pmf,0.6493036420818881,0.6172893009013867,0.6709055735515221
14,17,Q,max,1.0601772905808806,,
14,18,density,density,0.5802206630745318,0.5667053082915561,0.6019066596270615
14,18,frac_Si_CN4,fraction,0.18202852802941788,0.17581796481944315,0.18202852802941788
14,18,frac_O_CN2,fraction,0.07654494795743044,0.07554865887648103,0.07654494795743044
14,18,SiO_cdf,cdf,0.8487986301322578,0.8231359805810694,0.8745680320348326
14,18,SiSi_cdf,cdf,1.027027702185444,0.9886834980769442,1.0530639627295701
14,18,OO_cdf,cdf,0.5164681200262979,0.5003403782195803,0.5215935987745577
14,18,ring_pmf,pmf,0.6287131246991047,0.6036700501399624,0.6480565662518167
14,18,Q,max,1.027027702185444,,
14,19,density,density,0.5636032545146942,0.5435017114432052,0.5746177293907136
14,19,frac_Si_CN4,fraction,0.17189558096769203,0.17189558096769203,0.17676610787035882
14,19,frac_O_CN2,fraction,0.07313838476858192,0.07313838476858192,0.07371656281547508
14,19,SiO_cdf,cdf,0.8250439341156782,0.8013292930584958,0.8365881368073362
14,19,SiSi_cdf,cdf,0.9958670437132706,0.9796643636288717,1.0075859167249697
14,19,OO_cdf,cdf,0.49957440767574657,0.4891143502732105,0.5063535152058725
14,19,ring_pmf,pmf,0.6142655318985415,0.5939278475702203,0.6196219343515635
14,19,Q,max,0.9958670437132706,,
14,20,density,density,0.5457515990447549,0.5457515990447549,0.5457515990447549
14,20,frac_Si_CN4,fraction,0.1676311534845946,0.1676311534845946,0.1676311534845946
14,20,frac_O_CN2,fraction,0.07076440057287627,0.07076440057287627,0.07076440057287627
14,20,SiO_cdf,cdf,0.7931309329172236,0.7931309329172236,0.7931309329172236
14,20,SiSi_cdf,cdf,0.9546108185122604,0.9546108185122604,0.9546108185122604
14,20,OO_cdf,cdf,0.4789523113181288,0.4789523113181288,0.4789523113181288
14,20,ring_pmf,pmf,0.5876839083790826,0.5876839083790826,0.5876839083790826
14,20,Q,max,0.9546108185122604,,
