system,frame,natoms,net_force_eV_A,net_force_per_atom_meV_A,max_abs_force_eV_A
a-C,0,216,3.741657031708205e-08,1.7322486257908357e-07,5.05184268
a-C,1,216,5.0990193955106166e-08,2.3606571275512114e-07,5.84342278
a-C,2,216,1.28840986691032e-07,5.964860494955184e-07,9.65013966
a-C,3,216,1.7320509765189066e-08,8.018754520920863e-08,5.98864284
a-C,4,216,1.2884098662209595e-07,5.964860491763701e-07,6.06822266
a-C,5,216,5.3851645641198357e-08,2.493131742648072e-07,5.10263175
a-C,6,216,5.099018942626682e-08,2.3606569178827235e-07,5.20736373
a-C,7,216,1.2124355520692146e-07,5.613127555875994e-07,8.0280843
a-C,8,216,5.1961532030447455e-08,2.405626482891086e-07,6.02549004
a-C,9,216,4.898979600831896e-08,2.2680461114962481e-07,5.81518071
a-C,10,216,2.4494897641562344e-08,1.1340230389612196e-07,5.72685824
a-C,11,216,5.385165285691169e-08,2.4931320767088746e-07,4.64480611
a-C,12,216,8.544003475089426e-08,3.9555571643932534e-07,5.81901423
a-C,13,216,4.582575105037792e-08,2.1215625486286074e-07,6.3405333
a-C,14,216,3.741657458984413e-08,1.732248823603895e-07,5.18682768
a-C,15,216,8.306623844512047e-08,3.845659187274096e-07,5.43440967
a-C,16,216,8.246211653490534e-08,3.817690580319692e-07,5.47401877
a-C,17,216,5.3851646919410296e-08,2.493131801824551e-07,5.72075951
a-C,18,216,1.1704699179409483e-07,5.418842212689575e-07,5.2784349
a-C,19,216,8.30662424013128e-08,3.845659370431148e-07,7.17551004
a-C,20,216,2.236067983770469e-08,1.0352166591529948e-07,4.22311071
a-C,21,216,1.1357816364514572e-07,5.258248316904895e-07,4.25336656
a-C,22,216,9.000000093332527e-08,4.16666670987617e-07,4.33123067
a-C,23,216,8.602325287036299e-08,3.982558003257546e-07,5.42251076
a-C,24,216,7.000000211222971e-08,3.2407408385291533e-07,4.43355234
a-C,25,216,8.306623427508022e-08,3.845658994216677e-07,4.37257183
a-C,26,216,2.2360684405567286e-08,1.0352168706281151e-07,4.06675233
a-C,27,216,7.615773409449898e-08,3.5258210228934714e-07,4.50628676
a-C,28,216,1.3038404458684074e-07,6.036298360501887e-07,4.34184244
a-C,29,216,8.660253862142342e-08,4.009376788028862e-07,4.50791234
a-C,30,216,6.708203163520468e-08,3.105649612740958e-07,4.40049329
a-C,31,216,6.557438701162865e-08,3.035851250538364e-07,5.17948992
a-C,32,216,9.99999816286924e-09,4.6296287791061297e-08,6.55326136
a-C,33,216,6.70820361368664e-08,3.105649821151222e-07,4.19367901
a-C,34,216,9.539391793257895e-08,4.4163850894712473e-07,4.0244389
a-C,35,216,1.3747727330804033e-07,6.364688579075942e-07,5.84568305
a-C,36,216,5.91607901526324e-08,2.7389254700292777e-07,4.2708579
a-C,37,216,3.316624823757904e-08,1.535474455443474e-07,5.60981057
a-C,38,216,1.1704700173466347e-07,5.418842672901086e-07,4.84091786
a-C,39,216,3.1622777252097396e-08,1.4640174653748795e-07,5.58959421
a-C,40,216,7.810249321397202e-08,3.6158561673135194e-07,4.36470877
a-C,41,216,3.000000070585462e-08,1.3888889215673437e-07,4.7915626
a-C,42,216,1.0723804945921021e-07,4.964724512000473e-07,4.53949394
a-C,43,216,9.999998606958144e-09,4.6296289847028443e-08,4.54471487
a-C,44,216,7.681146094332012e-08,3.5560861547833385e-07,4.83096742
a-C,45,216,4.690416072166086e-08,2.1714889222991138e-07,5.58790945
a-C,46,216,9.486833465858097e-08,4.39205253048986e-07,4.09890824
a-C,47,216,7.071068597900085e-08,3.2736428693981876e-07,4.51764508
a-C,48,216,5.8309518898721494e-08,2.699514763829699e-07,5.11683073
a-C,49,216,3.3166247835886037e-08,1.535474436846576e-07,4.5670449
a-C,50,216,4.4721361661435985e-08,2.070433410251666e-07,5.01148881
a-C,51,216,5.744562070483563e-08,2.6595194770757235e-07,4.84912192
a-C,52,216,1.3076696903970352e-07,6.054026344430719e-07,4.89432285
a-C,53,216,8.602325209599839e-08,3.982557967407333e-07,4.28216385
a-C,54,216,9.848857146746316e-08,4.559656086456628e-07,4.46044724
a-C,55,216,7.141428459762946e-08,3.3062168795198823e-07,5.40217812
a-C,56,216,8.124037917953541e-08,3.7611286657192323e-07,4.05412477
a-C,57,216,9.539392161028167e-08,4.416385259735263e-07,5.27362345
a-C,58,216,8.660253959572447e-08,4.0093768331353925e-07,4.61197678
a-C,59,216,9.999999832643888e-08,4.6296295521499484e-07,5.00476578
a-C,60,216,2.449489546597892e-08,1.1340229382397647e-07,5.06736656
a-C,61,216,7.000000604559155e-08,3.240741020629239e-07,4.8896224
a-C,62,216,6.633249754634124e-08,3.0709489604787616e-07,4.78040774
a-C,63,216,6.70820393145102e-08,3.1056499682643614e-07,4.094521
a-C,64,216,2.449489655377026e-08,1.134022988600475e-07,4.45004935
a-C,65,216,9.380831879227734e-08,4.342977721864692e-07,4.2892518
a-C,66,216,1.244989997176814e-07,5.763842579522287e-07,4.2701243
a-C,67,216,1.0440306283822975e-07,4.833475131399526e-07,4.64491475
a-C,68,216,5.9160801524946236e-08,2.7389259965252886e-07,5.87705129
a-C,69,216,6.403124434325331e-08,2.9644094603358016e-07,4.68684433
a-C,70,216,3.464101363329266e-08,1.6037506311709563e-07,3.56028831
a-C,71,216,1.0295630147429618e-07,4.766495438624823e-07,5.34128037
a-C,72,216,2.449490308052227e-08,1.13402329076492e-07,5.35875922
a-C,73,216,5.196152374034196e-08,2.405626099089905e-07,6.0873016
a-C,74,216,1.0677078386786952e-07,4.9430918457347e-07,4.17235667
a-C,75,216,3.316625125028258e-08,1.5354745949204897e-07,4.23151371
a-C,76,216,7.348469431464268e-08,3.402069181233458e-07,4.97343903
a-C,77,216,4.123105729808572e-08,1.9088452452817465e-07,4.09155452
a-C,78,216,5.99999988952033e-08,2.7777777266297825e-07,5.46979224
a-C,79,216,1.0198039121974801e-07,4.7213144083216674e-07,5.07456209
a-C,80,216,8.24621111495326e-08,3.8176903309968794e-07,5.20828089
a-C,81,216,5.999999896921818e-08,2.777777730056397e-07,6.18909826
a-C,82,216,7.141427931191054e-08,3.3062166348106726e-07,4.89923733
a-C,83,216,4.123105837516019e-08,1.908845295146305e-07,6.59110213
a-C,84,216,4.999999543287064e-08,2.3148146033736407e-07,4.86124858
a-C,85,216,5.4772255741956824e-08,2.5357525806461493e-07,4.67311298
a-C,86,216,3.000000603492502e-08,1.3888891682835657e-07,4.60376358
a-C,87,216,8.06225736880554e-08,3.732526559632195e-07,5.82005819
a-C,88,216,1.0488088638140165e-07,4.855596591731558e-07,5.02458473
a-C,89,216,1.3564660158816724e-07,6.279935258711446e-07,4.93163805
a-C,90,216,3.16227789372974e-08,1.464017543393398e-07,4.82369979
a-C,91,216,7.280109942636423e-08,3.3704212697390847e-07,6.1421514
a-C,92,216,6.557438768885836e-08,3.0358512818915907e-07,4.45109747
a-C,93,216,7.071068371806828e-08,3.2736427647253833e-07,5.55464408
a-C,94,216,8.602325297361171e-08,3.9825580080375796e-07,4.52554013
a-C,95,216,1.1224972345303138e-07,5.19674645615886e-07,4.96804256
a-C,96,216,5.385165293937709e-08,2.4931320805267173e-07,4.18867468
a-C,97,216,1.299999981851076e-07,6.018518434495722e-07,5.82858638
a-C,98,216,8.99999967884927e-08,4.166666517985773e-07,4.51785815
a-C,99,216,3.741657108855288e-08,1.732248661507078e-07,4.56845824
a-Si,100,64,3.6055512781849936e-08,5.633673872164052e-07,1.75958293
a-Si,101,64,3.000000114994353e-08,4.687500179678676e-07,1.8343714
a-Si,102,64,5.385164741420203e-08,8.414319908469067e-07,1.50584777
a-Si,103,216,7.34846935290151e-08,3.4020691448618106e-07,1.75997181
a-Si,104,64,4.123105600559607e-08,6.442352500874386e-07,1.93888838
a-Si,105,216,8.124038437257757e-08,3.7611289061378506e-07,1.86941879
a-Si,106,216,6.164414123994652e-08,2.8538954277753016e-07,2.07153884
a-Si,107,216,7.348469280382046e-08,3.402069111287984e-07,1.76916654
a-Si,108,216,4.8989796008318795e-08,2.2680461114962407e-07,2.29462172
a-Si,109,216,3.741657031708197e-08,1.7322486257908323e-07,1.95763545
a-Si,110,216,3.4641015684452775e-08,1.603750726132073e-07,2.5529964
a-Si,111,216,6.164413850239679e-08,2.8538953010368883e-07,1.85546479
a-Si,112,216,6.557438565716925e-08,3.0358511878319097e-07,1.73739682
a-Si,113,64,6.403124219324571e-08,1.0004881592694642e-06,1.80769123
a-Si,114,216,6.000000067155992e-08,2.7777778088685147e-07,2.2079216
a-Si,115,216,5.999999830308413e-08,2.7777776992168577e-07,2.22290694
a-Si,116,64,9.99999993922529e-09,1.5624999905039516e-07,2.06780895
a-Si,117,64,2.0000000322539797e-08,3.1250000503968433e-07,1.77929862
a-Si,118,216,8.602325426421967e-08,3.9825580677879476e-07,1.89159687
a-Si,119,216,1.1832159666938614e-07,5.477851697656766e-07,1.96395631
a-Si,120,216,7.615773012929855e-08,3.525820839319377e-07,1.749069
a-Si,121,216,5.385164679571236e-08,2.4931317960977943e-07,1.90505137
a-Si,122,216,1.0049875816336533e-07,4.652720285340987e-07,1.86158077
a-Si,123,216,6.082762507931971e-08,2.8160937536722087e-07,1.8886646
a-Si,124,64,5.099019556632743e-08,7.96721805723866e-07,1.48523938
a-Si,125,216,1.0246950573668046e-07,4.7439585989203917e-07,1.74387845
a-Si,126,216,1.3190905953854783e-07,6.1069009045624e-07,1.83653921
a-Si,127,216,8.831760918247802e-08,4.0887782028925013e-07,1.53888338
a-Si,128,216,6.403124018194832e-08,2.964409267682793e-07,2.09675799
a-Si,129,64,4.123105608637666e-08,6.442352513496353e-07,2.02698351
a-Si,130,216,8.485281071454733e-08,3.928370866414228e-07,1.70853941
a-Si,131,216,9.110433455532732e-08,4.2177932664503385e-07,2.45292751
a-Si,132,216,2.8284273587712998e-08,1.3094571105422683e-07,1.66085549
a-Si,133,216,9.273618714487945e-08,4.2933419974481225e-07,2.07928458
a-Si,134,216,6.164414066362027e-08,2.8538954010935313e-07,2.03650778
a-Si,135,64,3.316624743419123e-08,5.182226161592379e-07,1.86941248
a-Si,136,216,4.472136046981944e-08,2.0704333550842333e-07,1.69364336
a-Si,137,216,8.831760702030035e-08,4.088778102791683e-07,2.0288673
a-Si,138,216,4.123105557476628e-08,1.908845165498439e-07,2.00620382
a-Si,139,216,6.708203732848269e-08,3.105649876318643e-07,2.18776891
a-Si,140,216,4.898979510182557e-08,2.2680460695289618e-07,1.88105888
a-Si,141,64,7.681145704077442e-08,1.2001790162621002e-06,1.50287557
a-Si,142,216,6.082762391119468e-08,2.816093699592346e-07,1.81753234
a-Si,143,216,9.380831453167118e-08,4.342977524614406e-07,1.51609074
a-Si,144,216,5.830951775631135e-08,2.6995147109403405e-07,1.97862436
a-Si,145,216,5.385164766159793e-08,2.493131836185089e-07,2.29158434
a-Si,146,64,2.449489764156208e-08,3.827327756494075e-07,1.64598547
a-Si,147,216,6.403124281744148e-08,2.964409389696365e-07,1.82944604
a-Si,148,216,7.483314561905288e-08,3.464497482363559e-07,1.88845626
a-Si,149,216,3.741657310624614e-08,1.7322487549188028e-07,1.7073699
a-Si,150,216,9.539391874725982e-08,4.416385127187954e-07,1.97714782
a-Si,151,216,9.486832906465298e-08,4.392052271511712e-07,1.76098362
a-Si,152,216,3.1622776830797343e-08,1.4640174458702474e-07,1.62734628
a-Si,153,64,5.196152433859671e-08,8.118988177905736e-07,1.72909136
a-Si,154,216,4.0000002199391835e-08,1.851851953675548e-07,1.96789523
a-Si,155,216,5.9160799122873235e-08,2.7389258853182053e-07,1.73644655
a-Si,156,216,3.0000000113735485e-08,1.3888888941544207e-07,1.92320039
a-Si,157,64,6.324555309986126e-08,9.882117671853322e-07,1.70129322
a-Si,158,216,7.34846917160285e-08,3.402069060927246e-07,1.80944911
a-Si,159,216,3.000000026176511e-08,1.3888889010076438e-07,2.71173763
a-Si,160,216,4.000000020099042e-08,1.8518518611569638e-07,2.00782671
a-Si,161,216,9.273618594769514e-08,4.293341942022923e-07,1.93181193
a-Si,162,216,3.464101626134158e-08,1.603750752839888e-07,1.61137377
a-Si,163,216,2.99999983373786e-08,1.3888888119156758e-07,1.83358046
a-Si,164,216,8.60232524573684e-08,3.9825579841374264e-07,1.92290787
a-Si,165,64,2.2360680234909713e-08,3.493856286704643e-07,1.86215461
a-Si,166,216,7.874007955876345e-08,3.645374053646456e-07,1.68956663
a-Si,167,216,7.874007724638863e-08,3.645373946592066e-07,1.68934227
a-Si,168,64,4.690415670958977e-08,7.328774485873402e-07,1.96716172
a-Si,169,216,4.3588988813912235e-08,2.0180087413848257e-07,1.80001718
a-Si,170,216,5.000000058430503e-08,2.3148148418659735e-07,1.77909431
a-Si,171,216,6.708204149914014e-08,3.105650069404636e-07,1.91347622
a-Si,172,216,1.178982607726628e-07,5.458252813549204e-07,1.91376075
a-Si,173,216,4.582575788240637e-08,2.121562864926221e-07,1.7477886
a-Si,174,216,1.0770329754975883e-07,4.986263775451798e-07,1.92925293
a-Si,175,216,4.472135977470987e-08,2.0704333229032348e-07,1.76846454
a-Si,176,216,5.00000004066692e-08,2.3148148336420925e-07,2.07343048
a-Si,177,64,4.12310558978886e-08,6.442352484045094e-07,1.80736227
a-Si,178,216,7.874007786678188e-08,3.645373975313976e-07,1.62548377
a-Si,179,64,4.242640588063779e-08,6.629125918849654e-07,1.56594059
a-Si,180,216,3.4641014658872675e-08,1.6037506786515128e-07,1.89899482
a-Si,181,216,7.280109802335622e-08,3.37042120478501e-07,2.45429025
a-Si,182,216,4.898979201974829e-08,2.2680459268401987e-07,1.91000082
a-Si,183,216,4.582575453907318e-08,2.1215627101422768e-07,2.28304868
a-Si,184,216,6.324555366159461e-08,2.928034891740491e-07,1.87244575
a-Si,185,216,8.062258051828332e-08,3.73252687584645e-07,2.16118171
a-Si,186,216,6.480740573365782e-08,3.000342858039714e-07,1.65697702
a-Si,187,216,5.744562766237645e-08,2.659519799184095e-07,1.98772991
a-Si,188,216,5.744562704392827e-08,2.6595197705522347e-07,1.97402259
a-Si,189,64,1.0000001049448336e-08,1.5625001639763026e-07,1.49581586
a-Si,190,64,2.236067924189609e-08,3.493856131546264e-07,1.90137929
a-Si,191,216,8.544003857118234e-08,3.9555573412584423e-07,1.76971811
a-Si,192,216,6.082762668549168e-08,2.8160938280320225e-07,2.13912764
a-Si,193,216,7.549834424679484e-08,3.4952937151293904e-07,1.81756985
a-Si,194,216,5.38516484037856e-08,2.4931318705456297e-07,1.84585239
a-Si,195,216,7.348469309087667e-08,3.4020691245776236e-07,2.19426028
a-Si,196,216,5.385164865118147e-08,2.493131881999142e-07,1.99614574
a-Si,197,216,1.0630145931946401e-07,4.921363857382593e-07,1.59355369
a-Si,198,216,9.000000019317629e-08,4.166666675610014e-07,1.5984959
a-Si,199,216,2.2360676461458123e-08,1.0352165028452835e-07,2.63988316
a-Si,200,216,6.403124267873132e-08,2.964409383274598e-07,1.6993351
a-Si,201,64,2.449489641779612e-08,3.827327565280644e-07,1.66950714
a-Si,202,64,4.123105686725569e-08,6.442352635508702e-07,1.80460889
a-Si,203,216,6.708203984411729e-08,3.1056499927832076e-07,2.54895098
a-Si,204,216,5.0990195566327494e-08,2.3606572021447913e-07,1.83261789
a-Si,205,216,4.5825756186512656e-08,2.121562786412623e-07,1.89674653
a-Si,206,216,1.0295629923134083e-07,4.766495334784298e-07,2.31195249
a-Si,207,216,1.2083046017770082e-07,5.594002786004668e-07,2.3960097
a-Si,208,216,2.999999907752734e-08,1.388888846181821e-07,2.03685077
a-Si,209,216,6.557438501380103e-08,3.0358511580463444e-07,1.99894096
a-Si,210,216,9.48683297551169e-08,4.3920523034776344e-07,1.74286275
a-Si,211,216,6.633249520312729e-08,3.0709488519966337e-07,1.68924633
a-Si,212,64,4.242640677035685e-08,6.629126057868258e-07,1.66232611
a-Si,213,64,5.099019526150171e-08,7.967218009609642e-07,1.80356969
a-Si,214,216,1.99999989902722e-08,9.259258791792686e-08,1.6518214
a-Si,215,64,3.7416574115092613e-08,5.846339705483221e-07,1.79319798
a-Si,216,216,2.999999974366109e-08,1.3888888770213468e-07,1.91787017
a-Si,217,216,5.1961525449641825e-08,2.4056261782241584e-07,2.1575166
a-Si,218,216,6.782330171076694e-08,3.139967671794766e-07,2.12567916
a-Si,219,216,2.2360679043293635e-08,1.0352166223747054e-07,2.3018638
a-Si,220,216,1.7262676401863734e-07,7.991979815677654e-07,2.00192501
a-Si,221,216,2.999999952161647e-08,1.3888888667415032e-07,2.24449422
a-Si,222,216,3.162277753296405e-08,1.4640174783779653e-07,1.94981182
a-Si,223,216,3.316624649690573e-08,1.5354743748567468e-07,1.70929408
a-Si,224,64,4.2426407084375334e-08,6.629126106933646e-07,1.82158703
a-Si,225,216,5.196152698801198e-08,2.405626249444999e-07,1.64314129
a-Si,226,216,5.196152271476156e-08,2.4056260516093314e-07,1.79727947
a-Si,227,64,4.6904157573546034e-08,7.328774620866568e-07,1.45457482
a-Si,228,216,5.477225306634229e-08,2.5357524567751056e-07,2.50015494
a-Si,229,216,6.403124406583296e-08,2.9644094474922664e-07,1.6779733
a-Si,230,216,5.000000147248333e-08,2.3148148829853393e-07,1.95317635
a-Si,231,216,5.7445625961644175e-08,2.6595197204464894e-07,1.78013061
a-Si,232,216,8.185352783162105e-08,3.7895151773898636e-07,2.12200461
a-Si,233,216,2.2360679639101553e-08,1.0352166499584053e-07,1.87250586
a-Si,234,216,3.7416571919367744e-08,1.732248699970729e-07,1.71572952
a-Si,235,64,2.999999900351232e-08,4.6874998442988003e-07,1.66491477
a-Si,236,216,1.2409673609935728e-07,5.745219263859133e-07,1.90615675
a-Si,237,216,1.1045361159130333e-07,5.113593129227006e-07,2.09310816
a-Si,238,216,7.21110261179567e-08,3.3384734313868845e-07,2.21583629
a-Si,239,64,1.7320507714028868e-08,2.7063293303170104e-07,1.37575917
a-Si,240,64,2.236068053281382e-08,3.4938563332521594e-07,1.53377536
a-Si,241,216,7.681145816817649e-08,3.556086026304467e-07,2.04186684
a-Si,242,216,8.306623892627898e-08,3.8456592095499527e-07,2.06842719
a-Si,243,216,7.141428434888977e-08,3.3062168680041554e-07,2.33385847
a-Si,244,216,6.557438545400031e-08,3.03585117842594e-07,1.76515029
a-Si,245,216,5.196152617609443e-08,2.4056262118562236e-07,1.87089236
a-Si,246,64,3.7416574233780445e-08,5.846339724028194e-07,1.34599312
a-Si,247,216,8.774964318879933e-08,4.062483480962932e-07,1.76101847
a-Si,248,216,6.708203904970638e-08,3.1056499560049253e-07,1.71542629
a-Si,249,216,1.489966451403096e-07,6.89799283056989e-07,1.94256738
a-Si,250,216,5.656854215113017e-08,2.6189139884782483e-07,1.90579694
a-Si,251,216,3.741657453050004e-08,1.732248820856483e-07,1.72759496
a-Si,252,64,4.1231055844034895e-08,6.442352475630452e-07,1.58579442
a-Si,253,216,6.164413893464148e-08,2.853895321048217e-07,1.95129133
a-Si,254,216,8.544003682996259e-08,3.955557260646416e-07,1.95056078
a-Si,255,216,3.000000085388406e-08,1.3888889284205583e-07,1.98105375
a-Si,256,216,5.830951813711457e-08,2.699514728570119e-07,1.9455809
a-Si,257,64,2.0000000100495192e-08,3.125000015702374e-07,1.65044063
a-Si,258,216,5.196152681708195e-08,2.405626241531572e-07,2.10992038
a-Si,259,216,4.358898723475596e-08,2.018008668275739e-07,2.0348528
a-Si,260,216,9.380831576251294e-08,4.342977581597821e-07,1.85986605
a-Si,261,216,6.633249674295358e-08,3.070948923284888e-07,1.65967966
a-Si,262,216,1.4142135537782831e-08,6.547284971195756e-08,1.88337232
a-Si,263,216,4.8989794920526824e-08,2.268046061135501e-07,2.10854132
a-Si,264,64,4.898979582702013e-08,7.654655597971895e-07,1.43732326
a-Si,265,216,9.949874382008363e-08,4.6064233250038717e-07,1.70723536
a-Si,266,216,7.211102593320451e-08,3.338473422833542e-07,1.84970242
a-Si,267,216,6.164413807015209e-08,2.8538952810255597e-07,1.75799731
a-Si,268,64,2.8284270133509645e-08,4.419417208360882e-07,1.72224643
a-Si,269,216,1.1575837077964587e-07,5.359183832391012e-07,1.69207627
a-Si,270,64,1.4142135223764046e-08,2.209708628713132e-07,1.65640759
a-Si,271,64,2.449489836675673e-08,3.8273278698057387e-07,1.58642482
a-Si,272,64,7.810249690985866e-08,1.2203515142165415e-06,1.57769796
a-Si,273,64,1.4142134281708567e-08,2.2097084815169635e-07,1.85710832
a-Si,274,64,3.7416573996404775e-08,5.846339686938247e-07,1.60674675
a-Si,275,64,6.708203931451002e-08,1.048156864289219e-06,1.68326756
a-Si,276,64,3.741657340296561e-08,5.846339594213377e-07,1.6312564
a-Si,277,64,3.3166247835885024e-08,5.182226224357035e-07,1.73051517
a-Si,278,64,1.4142136872361198e-08,2.2097088863064373e-07,1.78991288
a-Si,279,64,4.472135888099759e-08,6.987712325155873e-07,1.78047587
a-Si,280,64,6.164414030341634e-08,9.631896922408803e-07,2.07111067
a-Si,281,64,4.472135912925099e-08,6.987712363945467e-07,1.87702264
a-Si,282,64,5.196152493685177e-08,8.118988271383089e-07,1.42324382
a-Si,283,64,5.196152348394663e-08,8.118988044366661e-07,1.38618242
a-Si,284,64,3.7416574649187875e-08,5.846339788935606e-07,1.60820342
a-Si,285,64,6.708204030752367e-08,1.0481568798050573e-06,1.80247444
a-Si,286,64,3.000000055782456e-08,4.687500087160088e-07,1.91737158
a-Si,287,64,2.23606803838618e-08,3.493856309978406e-07,2.21704768
a-Si,288,64,4.898979437663084e-08,7.654655371348569e-07,1.46146371
a-Si,289,64,3.000000040979482e-08,4.687500064030441e-07,1.70771305
a-Si,290,64,4.999999947408185e-08,7.81249991782529e-07,1.60439382
a-Si,291,64,2.4494897596237422e-08,3.827327749412097e-07,1.55991946
a-Si,292,64,3.316624763503812e-08,5.182226192974706e-07,1.55230327
a-Si,293,64,3.0000000853884045e-08,4.687500133419382e-07,1.7829284
a-Si,294,64,3.60555130897704e-08,5.633673920276625e-07,1.55601542
a-Si,295,64,4.5825756574145485e-08,7.160274464710232e-07,1.70855718
a-Si,296,64,1.4142136558342631e-08,2.209708837241036e-07,1.49248312
a-Si,297,64,5.099019569696702e-08,7.967218077651097e-07,1.53951242
a-Si,298,64,6.082762507931971e-08,9.504316418643705e-07,1.64064753
a-Si,299,64,5.099019574051354e-08,7.96721808445524e-07,1.68579336
a-Si,300,64,6.557438490798387e-08,1.024599764187248e-06,1.53036294
a-Si,301,64,5.830951926048449e-08,9.110862384450702e-07,1.75635707
a-Si,302,64,1.99999998784506e-08,3.1249999810079064e-07,1.60637218
a-Si,303,64,2.236067981287891e-08,3.4938562207623295e-07,1.67323785
a-Si,304,64,1.790180836524724e-15,2.797157557069881e-14,1.45794469
a-Si,305,64,2.999999937358667e-08,4.687499902122917e-07,2.02777828
a-Si,306,64,1.4142135459277982e-08,2.2097086655121846e-07,1.62696768
a-Si,307,64,1.7320508515263316e-08,2.706329455509893e-07,2.0738765
a-Si,308,64,3.605551281264199e-08,5.633673876975311e-07,1.42832065
a-Si,309,64,2.828427076154658e-08,4.4194173064916534e-07,1.56489369
a-Si,310,64,3.162277612863061e-08,4.941058770098532e-07,1.56643358
a-Si,311,64,3.316624817062987e-08,5.182226276660918e-07,1.45075519
a-Si,312,64,3.3166248371476775e-08,5.182226308043246e-07,1.57591529
a-Si,313,64,1.4142135459277917e-08,2.2097086655121745e-07,1.69525083
a-Si,314,64,4.2426406613347604e-08,6.629126033335563e-07,1.29119099
a-Si,315,64,3.000000037278739e-08,4.6875000582480297e-07,2.01779486
a-Si,316,64,3.605551259709766e-08,5.633673843296509e-07,1.76542056
a-Si,317,64,3.0000000631839447e-08,4.6875000987249136e-07,2.03098261
a-Si,318,64,3.162277644460562e-08,4.941058819469628e-07,1.39057507
a-Si,319,64,3.605551287422608e-08,5.633673886597825e-07,2.16179904
a-Si,320,64,3.316624820410437e-08,5.182226281891307e-07,1.51092051
a-Si,321,64,2.8284271075565064e-08,4.419417355557041e-07,1.91304563
a-Si,322,64,1.9999999878450584e-08,3.124999981007904e-07,1.62644301
a-Si,323,64,4.6904158165296877e-08,7.328774713327637e-07,1.76411983
a-Si,324,64,6.403124316421688e-08,1.0004881744408888e-06,1.92038678
a-Si,325,64,5.0990195501007635e-08,7.967218047032443e-07,1.60465679
a-Si,326,64,5.830951783247189e-08,9.110862161323733e-07,1.59528948
a-Si,327,64,5.099019648080457e-08,7.967218200125714e-07,2.60334155
a-Si,328,64,5.19615247445555e-08,8.118988241336797e-07,1.53464748
a-Si,329,64,2.449489759623742e-08,3.8273277494120966e-07,1.81090367
a-Si,330,64,7.810249565894312e-08,1.2203514946709863e-06,1.71032166
a-Si,331,64,6.40312419158254e-08,1.000488154934772e-06,1.66129693
a-Si,332,64,5.916079750898052e-08,9.243874610778206e-07,1.79410461
a-Si,333,64,2.2360680532813808e-08,3.4938563332521573e-07,1.50052047
a-Si,334,64,3.741657470853178e-08,5.84633979820809e-07,1.65049857
a-Si,335,64,3.741657509426725e-08,5.846339858479258e-07,1.54314599
a-Si,336,64,4.999999991817106e-08,7.812499987214229e-07,1.6095905
a-Si,337,64,3.6055512966602215e-08,5.633673901031596e-07,1.66042054
a-Si,338,64,2.4494897550912746e-08,3.8273277423301166e-07,2.09667171
a-Si,339,64,5.3851647702830566e-08,8.414319953567276e-07,1.6548987
a-Si,340,64,3.741657453050003e-08,5.846339770390629e-07,1.40144102
a-Si,341,64,3.162277598819729e-08,4.941058748155827e-07,1.92593209
a-Si,342,64,1.4142135302268718e-08,2.2097086409794873e-07,1.54519286
a-Si,343,64,3.316624823757883e-08,5.182226287121692e-07,1.87454865
a-Si,344,64,1.732050886780649e-08,2.7063295105947637e-07,1.77199273
a-Si,345,64,2.8284271232574327e-08,4.4194173800897384e-07,1.68072517
a-Si,346,64,3.1622776269063966e-08,4.941058792041245e-07,1.77849753
a-Si,347,64,2.000000010049519e-08,3.1250000157023733e-07,1.66342679
a-Si,348,64,3.162277654993063e-08,4.941058835926661e-07,1.24322244
a-Si,349,64,4.4721357987285277e-08,6.987712185513324e-07,1.7363246
a-Si,350,64,2.9999999817675884e-08,4.687499971511857e-07,1.6386468
a-Si,351,64,2.236068033421112e-08,3.4938563022204874e-07,1.72804043
a-Si,352,64,2.999999892949745e-08,4.687499832733977e-07,1.48551343
a-Si,353,64,4.999999925203724e-08,7.812499883130819e-07,1.49314695
a-Si,354,64,5.000000042887366e-08,7.812500067011509e-07,1.56395196
a-Si,355,64,3.3166248840119544e-08,5.182226381268679e-07,1.66410097
a-Si,356,64,3.6055513151354506e-08,5.633673929899141e-07,1.73022259
a-Si,357,64,2.4494896644419472e-08,3.8273276006905425e-07,1.47751008
a-Si,358,64,4.582575705868654e-08,7.160274540419772e-07,1.66757508
a-Si,359,64,9.99999905104687e-09,1.5624998517260735e-07,2.04193422
a-Si,360,64,6.708203861940045e-08,1.048156853428132e-06,1.63908385
a-Si,361,64,6.708204040682505e-08,1.0481568813566413e-06,1.98404984
a-Si,362,64,2.4494897188315424e-08,3.827327685674285e-07,1.64455812
a-Si,363,64,5.19615243385967e-08,8.118988177905735e-07,1.73315882
a-Si,364,64,9.999999051046998e-09,1.5624998517260934e-07,1.91307215
a-Si,365,64,2.2360679763228223e-08,3.49385621300441e-07,1.41655798
a-Si,366,64,3.316624776893607e-08,5.182226213896261e-07,1.87703568
a-Si,367,64,3.464101606904529e-08,5.412658760788327e-07,2.55295627
a-Si,368,64,3.741657429312436e-08,5.846339733300682e-07,1.45972238
a-Si,369,64,6.403124198518047e-08,1.000488156018445e-06,2.05809449
a-Si,370,64,2.449489800415943e-08,3.827327813149911e-07,1.39876199
a-Si,371,64,4.999999947408185e-08,7.81249991782529e-07,1.58086523
a-Si,372,64,3.741657375902911e-08,5.846339649848299e-07,1.59544013
a-Si,373,64,4.1231056436425876e-08,6.442352568191543e-07,1.80139644
a-Si,374,64,2.4494897913510077e-08,3.82732779898595e-07,1.87164748
a-Si,375,64,1.732050713714007e-08,2.706329240178136e-07,1.77902981
a-Si,376,64,9.999999717180685e-09,1.562499955809482e-07,1.79845851
a-Si,377,64,1.7320508226818918e-08,2.706329410440456e-07,1.49828327
a-Si,378,64,4.472135927820303e-08,6.987712387219223e-07,1.59222734
a-Si,379,64,2.236067934119743e-08,3.493856147062098e-07,1.97772023
a-Si,380,64,2.236068053281385e-08,3.493856333252164e-07,1.6767277
a-Si,381,64,3.316624746766573e-08,5.182226166822769e-07,1.46684744
a-Si,382,64,3.6055512350761285e-08,5.633673804806451e-07,1.49261096
a-Si,383,64,2.4494897097666117e-08,3.827327671510331e-07,1.69883878
a-Si,384,64,5.477225460684756e-08,8.558164782319931e-07,1.93573366
a-Si,385,64,5.0990195871153145e-08,7.967218104867679e-07,1.67544454
a-Si,386,64,1.7320507073041506e-08,2.706329230162735e-07,1.65607171
a-Si,387,64,3.3166248103680896e-08,5.18222626620014e-07,1.30678478
a-Si,388,64,5.0990195130862125e-08,7.967217989197207e-07,1.93927217
a-Si,389,64,1.9999999878450584e-08,3.124999981007904e-07,1.87711149
a-Si,390,64,4.358898993460381e-08,6.810779677281845e-07,1.43623223
a-Si,391,64,1.414213569479178e-08,2.2097087023112157e-07,2.30562692
a-Si,392,64,2.449489782286076e-08,3.827327784821994e-07,1.49419357
a-Si,393,64,5.744562603895016e-08,8.975879068585963e-07,1.33221854
a-Si,394,64,4.472136071807284e-08,6.987712612198881e-07,1.62707788
a-Si,395,216,1.2124355734049433e-07,5.613127654652515e-07,2.34973009
a-Si,396,216,7.348469256208891e-08,3.402069100096709e-07,1.7328191
a-Si,397,216,3.3166247701987115e-08,1.5354744306475518e-07,1.98299476
a-Si,398,216,7.615772814669836e-08,3.525820747532331e-07,1.98257131
a-Si,399,216,8.306624047667866e-08,3.8456592813277163e-07,2.33331175
a-Si,400,216,3.162277665525575e-08,1.4640174377433217e-07,1.79827943
a-Si,401,64,2.236067983770426e-08,3.493856224641291e-07,1.54828154
a-Si,402,64,2.2360679043293317e-08,3.493856100514581e-07,1.73418732
a-Si,403,216,2.828427358771313e-08,1.3094571105422747e-07,1.80071962
a-Si,404,216,9.21954443497914e-08,4.268307608786639e-07,2.37023365
a-Si,405,216,9.797958802806705e-08,4.5360920383364376e-07,2.15053314
a-Si,406,216,1.0344080468665717e-07,4.788926142900794e-07,1.85927233
a-Si,407,216,8.602325294779946e-08,3.982558006842567e-07,2.21508022
a-Si,408,216,7.348469383117958e-08,3.4020691588509065e-07,1.91897204
a-Si,409,216,1.236931688784478e-07,5.726535596224436e-07,1.83084672
a-Si,410,216,8.366600310034848e-08,3.8734260694605777e-07,2.01049641
a-Si,411,216,6.4807407121278e-08,3.0003429222813893e-07,2.57145093
a-Si,412,216,5.099019330190789e-08,2.3606570973105502e-07,2.36269486
a-Si,413,64,2.4494897641562076e-08,3.8273277564940745e-07,1.99183284
a-Si,414,64,5.0000000051397825e-08,7.81250000803091e-07,1.48765986
a-Si,415,216,4.582575618651271e-08,2.1215627864126253e-07,1.89521796
a-Si,416,216,4.472135888099769e-08,2.0704332815276709e-07,1.81563832
a-Si,417,216,9.165151256684171e-08,4.243125581798227e-07,2.0470523
a-Si,418,216,2.2360681923032967e-08,1.0352167556959706e-07,1.54719099
a-Si,419,216,7.071067806573488e-08,3.2736425030432814e-07,1.92157426
a-Si,420,216,6.403124170776022e-08,2.9644093383222323e-07,2.16072247
a-Si,421,216,3.31662473002933e-08,1.5354744120506157e-07,2.27710686
a-Si,422,216,1.0770329656017528e-07,4.986263729637744e-07,1.69903915
a-Si,423,216,7.071067815994043e-08,3.273642507404649e-07,1.69743592
a-SiO2,424,300,1.1661903924449534e-07,3.8873013081498446e-07,3.58346516
a-SiO2,425,300,1.086277978742707e-07,3.6209265958090233e-07,3.47703346
a-SiO2,426,300,6.782330033574205e-08,2.2607766778580684e-07,3.17525786
a-SiO2,427,300,1.0440306470981519e-07,3.48010215699384e-07,3.71770394
a-SiO2,428,300,9.486833133499198e-08,3.1622777111663996e-07,3.84399316
a-SiO2,429,300,5.477225801217506e-08,1.8257419337391686e-07,3.67215341
a-SiO2,430,300,5.000000182775493e-08,1.666666727591831e-07,3.7420982
a-SiO2,431,300,4.123105535935169e-08,1.3743685119783897e-07,4.04974988
a-SiO2,432,300,8.717798241623392e-08,2.9059327472077975e-07,3.83994254
a-SiO2,433,300,1.1575836962874197e-07,3.858612320958066e-07,3.73432248
a-SiO2,434,300,1.7029386797026038e-07,5.676462265675346e-07,3.1695942
a-SiO2,435,300,5.47722578500166e-08,1.825741928333887e-07,4.25057197
a-SiO2,436,300,7.874007972796166e-08,2.6246693242653883e-07,3.93166761
a-SiO2,437,300,1.0049875515854537e-07,3.3499585052848456e-07,4.23209607
a-SiO2,438,300,1.0630145756485527e-07,3.5433819188285094e-07,3.17293955
a-SiO2,439,300,1.2206556305554035e-07,4.068852101851345e-07,3.29954941
a-SiO2,440,300,9.69535969255284e-08,3.2317865641842804e-07,3.40991074
a-SiO2,441,300,4.582575628342133e-08,1.5275252094473777e-07,3.83521655
a-SiO2,442,300,1.2688577638330723e-07,4.2295258794435743e-07,3.20064879
a-SiO2,443,300,6.403124413518803e-08,2.1343748045062677e-07,3.74647474
a-SiO2,444,300,9.433980820525715e-08,3.144660273508572e-07,3.7849134
a-SiO2,445,300,9.899494544485368e-08,3.299831514828456e-07,3.28063999
a-SiO2,446,300,8.485281542482467e-08,2.828427180827489e-07,3.52210739
a-SiO2,447,300,5.830952377300426e-08,1.943650792433475e-07,3.24558889
a-SiO2,448,300,4.690416147910267e-08,1.5634720493034223e-07,4.10200652
a-SiO2,449,300,1.1224972187052663e-07,3.741657395684221e-07,4.2972331
a-SiO2,450,300,1.315294656061013e-07,4.384315520203377e-07,3.4087563
a-SiO2,451,300,9.433981140624572e-08,3.144660380208191e-07,3.80907646
a-SiO2,452,300,1.1704699240115249e-07,3.9015664133717495e-07,3.48705998
a-SiO2,453,300,8.602325183787669e-08,2.8674417279292234e-07,3.34554011
a-SiO2,454,300,1.199999983825252e-07,3.999999946084173e-07,3.86134897
a-SiO2,455,300,6.99999941186239e-08,2.3333331372874634e-07,3.09217114
a-SiO2,456,300,1.1874342022351763e-07,3.9581140074505875e-07,4.054187
a-SiO2,457,300,7.483314674658752e-08,2.4944382248862513e-07,3.33729136
a-SiO2,458,300,6.000000259594654e-08,2.0000000865315512e-07,3.85049615
a-SiO2,459,300,9.949874783702171e-08,3.3166249279007234e-07,3.68517374
a-SiO2,460,300,5.0990192126151975e-08,1.6996730708717325e-07,4.07471488
a-SiO2,461,300,1.2206555796217155e-07,4.068851932072385e-07,3.527147
a-SiO2,462,300,8.999999876222222e-08,2.9999999587407407e-07,3.41573967
a-SiO2,463,300,1.349073723435686e-07,4.4969124114522867e-07,3.63355816
a-SiO2,464,300,6.782330020478717e-08,2.2607766734929056e-07,3.41976487
a-SiO2,465,300,1.0630146040565049e-07,3.543382013521683e-07,3.80414804
a-SiO2,466,300,1.2727921943879693e-07,4.242640647959898e-07,3.55519639
a-SiO2,467,300,1.1445523317141373e-07,3.8151744390471243e-07,3.29670789
a-SiO2,468,300,6.78233004666968e-08,2.2607766822232268e-07,3.71099722
a-SiO2,469,300,5.8309519812649484e-08,1.9436506604216494e-07,3.76407512
a-SiO2,470,300,1.9442222223752075e-07,6.480740741250691e-07,3.2129421
a-SiO2,471,300,8.062257930646867e-08,2.6874193102156226e-07,3.72453435
a-SiO2,472,300,8.366600304726976e-08,2.7888667682423256e-07,3.33235408
a-SiO2,473,300,9.433980957038454e-08,3.144660319012818e-07,3.16337566
a-SiO2,474,300,8.602325214762249e-08,2.8674417382540834e-07,3.63130485
a-SiO2,475,300,2.00000016548075e-08,6.666667218269166e-08,2.91255488
a-SiO2,476,300,7.681146065424287e-08,2.560382021808096e-07,4.08438712
a-SiO2,477,300,1.06770783784684e-07,3.559026126156133e-07,3.29984323
a-SiO2,478,300,1.3601470615443434e-07,4.533823538481144e-07,3.81431582
a-SiO2,479,300,9.486833316062547e-08,3.162277772020849e-07,3.6272584
a-SiO2,480,300,9.110433445783711e-08,3.03681114859457e-07,3.74408347
a-SiO2,481,300,1.044030670918329e-07,3.48010223639443e-07,3.55978884
a-SiO2,482,300,8.000000129015916e-08,2.666666709671972e-07,3.9910007
a-SiO2,483,300,7.280109845035862e-08,2.426703281678621e-07,3.52595956
a-SiO2,484,300,1.2449899472386688e-07,4.1499664907955626e-07,3.88985689
a-SiO2,485,300,4.6904156555734556e-08,1.5634718851911516e-07,3.04867611
a-SiO2,486,300,1.7320508996005643e-08,5.773502998668547e-08,3.36407457
a-SiO2,487,300,9.433980933501797e-08,3.144660311167266e-07,3.24855142
a-SiO2,488,300,6.480740446595545e-08,2.1602468155318481e-07,3.55053909
a-SiO2,489,300,1.2083045992042923e-07,4.0276819973476405e-07,4.35860929
a-SiO2,490,300,5.385164667201445e-08,1.7950548890671482e-07,2.91956419
a-SiO2,491,300,5.385164807392449e-08,1.795054935797483e-07,2.74589546
a-SiO2,492,300,7.071067517676475e-08,2.3570225058921582e-07,3.67194893
a-SiO2,493,300,5.099019621952546e-08,1.6996732073175155e-07,3.13180113
a-SiO2,494,300,9.949874658730765e-08,3.316624886243588e-07,3.689361
a-SiO2,495,300,7.280109942636423e-08,2.426703314212141e-07,4.61442492
a-SiO2,496,300,1.4764822850190551e-07,4.921607616730184e-07,3.30233774
a-SiO2,497,300,1.3601470419542887e-07,4.533823473180963e-07,2.98387827
a-SiO2,498,300,1.240967377097151e-07,4.1365579236571695e-07,3.25784736
a-SiO2,499,300,9.899494858503865e-08,3.2998316195012885e-07,4.02669955
a-SiO2,500,300,1.4696938684651511e-07,4.898979561550503e-07,4.18899622
a-SiO2,501,300,4.2426410146055635e-08,1.4142136715351878e-07,3.8767467
a-SiO2,502,300,5.4772258336492016e-08,1.8257419445497336e-07,3.60683137
a-SiO2,503,300,9.999999406318248e-08,3.333333135439416e-07,3.77692744
unknown:SbTe,504,300,3.7416573402965624e-08,1.2472191134321875e-07,2.09199082
unknown:SbTe,505,300,6.633249660905561e-08,2.2110832203018537e-07,1.56480816
a-GST,506,300,4.242640703203894e-08,1.4142135677346313e-07,2.16836764
a-GST,507,300,1.256980510897448e-07,4.189935036324827e-07,1.74444983
a-GST,508,300,8.12403847552228e-08,2.7080128251740934e-07,1.60525899
a-GST,509,300,1.1000000078486107e-07,3.6666666928287023e-07,1.00624569
a-GST,510,300,7.141428397578012e-08,2.3804761325260038e-07,1.03884148
a-GST,511,300,6.708203891730454e-08,2.2360679639101513e-07,2.83525082
a-GST,512,300,1.0954451132175503e-07,3.6514837107251674e-07,1.8502043
a-GST,513,300,9.486832969660301e-08,3.1622776565534337e-07,1.3059646
a-GST,514,300,2.999999907752719e-08,9.999999692509064e-08,1.02984035
a-GST,515,300,6.403124344163722e-08,2.1343747813879074e-07,0.96249044
unknown:SbTe,516,300,1.4142137421893614e-08,4.7140458072978715e-08,1.42522677
a-GST,517,308,1.1224972317609267e-07,3.6444715316913205e-07,2.48891785
a-GST,518,308,8.306623919358927e-08,2.6969558179736775e-07,2.0582357
a-GST,519,308,6.708203971171549e-08,2.177988302328425e-07,1.56678771
a-GST,520,308,4.358898975631201e-08,1.4152269401400002e-07,1.18302046
a-GST,521,308,1.1180339871187468e-07,3.6299804776582686e-07,0.99120643
a-GST,522,308,9.539392056283456e-08,3.0972052130790445e-07,2.03743011
a-GST,523,308,7.874007988305992e-08,2.556496100099348e-07,1.70877262
a-GST,524,308,1.1704699957202068e-07,3.80022725883184e-07,1.30230691
a-GST,525,308,7.141428521947867e-08,2.3186456240090476e-07,1.25167391
a-GST,526,308,7.874007740853686e-08,2.5564960197576906e-07,0.95757008
unknown:SbTe,527,300,4.9999999329752865e-08,1.6666666443250955e-07,0.95895787
a-GST,528,306,9.43398138540605e-08,3.0830004527470753e-07,2.39222875
a-GST,529,306,8.124038314264652e-08,2.654914481785834e-07,1.84464633
a-GST,530,306,5.916079908534085e-08,1.933359447233361e-07,1.55675266
a-GST,531,306,1.0816653811974146e-07,3.5348541869196554e-07,0.91323353
a-GST,532,306,4.89897945579295e-08,1.6009736783637094e-07,1.18260754
a-GST,533,306,1.135781662257375e-07,3.711704778618873e-07,3.0641459
a-GST,534,306,5.0990194738943355e-08,1.6663462332988023e-07,2.66252688
a-GST,535,306,5.38516460947573e-08,1.7598577155149446e-07,1.61542887
a-GST,536,306,4.5825757882406335e-08,1.497573787006743e-07,0.87443995
a-GST,537,306,9.695359779581014e-08,3.1684182286212465e-07,1.04073835
unknown:SbTe,538,300,1.153256264780572e-07,3.844187549268573e-07,1.10841379
a-GST,539,308,8.831761059040769e-08,2.867454889298951e-07,2.59824492
a-GST,540,308,4.3588989832722756e-08,1.4152269426208686e-07,2.26374869
a-GST,541,308,5.916079889767891e-08,1.920805159015549e-07,1.72932584
a-GST,542,308,1.0344080487984994e-07,3.358467690904219e-07,0.95430651
a-GST,543,308,8.124038475522283e-08,2.637674829715027e-07,0.90201221
a-GST,544,308,1.1575836759547834e-07,3.7583885582947516e-07,2.38691096
a-GST,545,308,9.43398108413653e-08,3.0629808714728996e-07,2.21841246
a-GST,546,308,1.2727922085188016e-07,4.1324422354506547e-07,1.34056746
a-GST,547,308,2.8284271860611296e-08,9.183205149549122e-08,1.20128615
a-GST,548,308,5.0990195087315605e-08,1.655525814523234e-07,1.18270321
unknown:SbTe,549,300,5.916079649560606e-08,1.9720265498535352e-07,2.53801762
a-GST,550,312,9.53939190498557e-08,3.0574974054440926e-07,2.97723107
a-GST,551,312,6.324555366159463e-08,2.0271010788972638e-07,1.58107757
a-GST,552,312,8.660254077514155e-08,2.7757224607417167e-07,1.57419998
a-GST,553,312,7.54983439821001e-08,2.419818717375003e-07,1.09130692
a-GST,554,312,9.273618609135723e-08,2.9723136567742704e-07,1.2174876
a-GST,555,312,1.3747727124066507e-07,4.4063227961751625e-07,2.73223865
a-GST,556,312,1.5556349292818091e-07,4.986009388723747e-07,1.95066631
a-GST,557,312,8.944271994662519e-08,2.866753844443115e-07,1.9846599
a-GST,558,312,1.1445523175520438e-07,3.66843691523091e-07,0.96151793
a-GST,559,312,9.110433713881885e-08,2.9200108057313735e-07,1.18957796
unknown:SbTe,560,300,2.449489619117281e-08,8.164965397057603e-08,1.60021568
a-GST,561,315,6.164413778198904e-08,1.9569567549837787e-07,2.96441468
a-GST,562,315,1.1180340049929927e-07,3.5493143015650566e-07,1.62795328
a-GST,563,315,9.433981065307186e-08,2.994914623907043e-07,1.84427379
a-GST,564,315,8.774964415036392e-08,2.7857029889004423e-07,0.99277642
a-GST,565,315,1.3747727035233983e-07,4.364357788963169e-07,1.17449695
a-GST,566,315,4.2426403368489916e-08,1.3468699482060292e-07,4.16292597
a-GST,567,315,1.3638181702018147e-07,4.329581492704174e-07,1.79944919
a-GST,568,315,8.831760772426516e-08,2.8037335785481005e-07,2.2538762
a-GST,569,315,9.219544483147378e-08,2.926839518459485e-07,1.13715093
a-GST,570,315,5.099019373737317e-08,1.6187363091229577e-07,1.09376188
unknown:SbTe,571,300,5.385164770283064e-08,1.795054923427688e-07,1.96742979
unknown:GeTe,572,300,1.8138357174088927e-07,6.046119058029642e-07,1.93119925
unknown:GeTe,573,300,9.695359582622505e-08,3.231786527540835e-07,1.59468494
unknown:GeTe,574,300,7.071067919620144e-08,2.357022639873381e-07,1.95706753
unknown:GeTe,575,300,1.1357816665583608e-07,3.785938888527869e-07,1.20341767
unknown:GeTe,576,300,1.469693842781174e-07,4.898979475937247e-07,1.33502078
unknown:GeTe,577,300,8.485281474445123e-08,2.8284271581483745e-07,2.41324012
unknown:GeTe,578,300,1.063014613247312e-07,3.543382044157707e-07,1.85906272
unknown:GeTe,579,300,7.071067973003287e-08,2.3570226576677624e-07,1.61458477
unknown:GeTe,580,300,8.306623828473428e-08,2.7688746094911427e-07,1.29280135
unknown:GeTe,581,300,5.744562681201025e-08,1.9148542270670084e-07,1.04579316
unknown:SbTe,582,300,6.403124371905754e-08,2.134374790635251e-07,0.9834601
unknown:SbTe,583,300,1.1575836903410823e-07,3.858612301136941e-07,1.15270626
a-GST,584,189,1.3601470377097773e-07,7.196545173067604e-07,3.81928794
a-GST,585,189,5.999999941330716e-08,3.174603143561226e-07,1.41616211
a-GST,586,189,5.0000000650918255e-08,2.645502679942765e-07,1.17436816
a-GST,587,198,3.3166247635038133e-08,1.6750630118706127e-07,1.01932947
a-GST,588,198,6.000000052353016e-08,3.0303030567439474e-07,1.10251947
a-GST,589,198,6.403124247066608e-08,3.233901134882125e-07,3.94277725
a-GST,590,198,7.348469189732716e-08,3.7113480756225834e-07,1.93814583
a-GST,591,198,7.141428322956099e-08,3.6067819812909597e-07,1.64748538
a-GST,592,198,1.0198038982625897e-07,5.150524738699948e-07,1.75885347
a-GST,593,198,3.741657343263757e-08,1.8897259309412914e-07,1.36587534
a-GST,594,198,8.185352797403814e-08,4.134016564345361e-07,1.04939125
a-GST,595,198,7.681145903540898e-08,3.879366617949948e-07,3.25233574
a-GST,596,198,1.0246950768692057e-07,5.175227660955585e-07,2.09887545
a-GST,597,189,1.0344080440760099e-07,5.473058434264602e-07,1.04488557
a-GST,598,198,4.58257549267059e-08,2.3144320670053486e-07,1.9260625
a-GST,599,198,9.165151271220403e-08,4.6288642783941425e-07,1.58778441
a-GST,600,198,7.483314650921164e-08,3.779451843899578e-07,1.06749276
a-GST,601,198,4.1231055749790866e-08,2.0823765530197406e-07,1.30616961
a-GST,602,198,6.164413907872306e-08,3.113340357511266e-07,5.3462243
a-GST,603,198,7.999999684926706e-08,4.0404038812761143e-07,1.70436947
a-GST,604,198,7.141428450435201e-08,3.606782045674344e-07,1.85483895
a-GST,605,198,1.1224972119796212e-07,5.669177838280915e-07,2.18390344
a-GST,606,198,5.74456254978081e-08,2.901294217061015e-07,1.21718081
a-GST,607,198,1.4142135577034871e-08,7.142492715674177e-08,0.99996577
a-GST,608,189,5.099019569696702e-08,2.6978939522204774e-07,3.83845386
a-GST,609,210,1.0099504850599801e-07,4.809288024095144e-07,2.46373095
a-GST,610,210,6.708203941381138e-08,3.1943828292291135e-07,1.86304383
a-GST,611,210,3.162277633928063e-08,1.5058464923466965e-07,1.63953124
a-GST,612,210,8.06225779844889e-08,3.839170380213758e-07,1.71733896
a-GST,613,210,1.5099668911121068e-07,7.190318529105271e-07,1.08884299
a-GST,614,210,5.0990195522780895e-08,2.428104548703852e-07,1.25409077
a-GST,615,210,4.123105611330352e-08,1.9633836244430246e-07,2.45376387
a-GST,616,210,5.7445625575114136e-08,2.7355059797673397e-07,1.49286337
a-GST,617,210,1.0440306354007423e-07,4.971574454289249e-07,2.01438137
a-GST,618,210,5.196152314208659e-08,2.474358244861266e-07,1.81927012
a-GST,619,189,6.40312430948618e-08,3.3878964600455975e-07,2.6939846
a-GST,620,210,8.366600280841502e-08,3.9840953718292867e-07,0.94473024
a-GST,621,210,5.099019513630545e-08,2.4281045303002593e-07,1.2275135
a-GST,622,210,7.07106790705941e-08,3.3671751938378143e-07,3.62139449
a-GST,623,210,7.549834404092114e-08,3.595159240043863e-07,1.59474286
a-GST,624,210,6.40312435109923e-08,3.0491068338567764e-07,1.84012109
a-GST,625,210,8.71779802257913e-08,4.1513323917043476e-07,1.79274836
a-GST,626,210,7.549834462913167e-08,3.595159268053889e-07,1.1634455
a-GST,627,210,1.0198038996778517e-07,4.856209046085008e-07,1.12652275
a-GST,628,210,9.273618482234193e-08,4.4160088010639014e-07,5.19100213
a-GST,629,210,4.58257556050634e-08,2.1821788383363527e-07,1.4605462
a-GST,630,189,7.000000055791743e-08,3.703703733223145e-07,1.25436574
a-GST,631,210,4.5825757446319376e-08,2.1821789260152083e-07,1.51841058
a-GST,632,210,1.0630145911058202e-07,5.061974243361049e-07,1.78681168
a-GST,633,210,4.9999998952277046e-08,2.3809523310608118e-07,1.18490686
a-GST,634,210,3.999999975690118e-08,1.9047618931857705e-07,1.07579179
a-GST,635,210,1.086278051512178e-07,5.172752626248466e-07,4.91362867
a-GST,636,210,3.741657292821435e-08,1.7817415680102074e-07,2.09841484
a-GST,637,210,6.557438448894803e-08,3.1225897375689535e-07,2.02950078
a-GST,638,210,3.6055512566305614e-08,1.716929169824077e-07,1.82746039
a-GST,639,210,1.9999999878450587e-08,9.523809465928851e-08,1.02362918
a-GST,640,210,5.916079636424268e-08,2.8171807792496514e-07,1.3577833
a-GST,641,189,5.999999859914361e-08,3.1746031004837887e-07,1.53839272
unknown:GeTe,642,216,8.774964637714509e-08,4.062483628571532e-07,3.6058305
unknown:GeTe,643,216,5.099019630661847e-08,2.3606572364175218e-07,1.88196276
unknown:GeTe,644,216,9.165151208230066e-08,4.243125559365771e-07,2.10129231
unknown:GeTe,645,216,1.6155494191274493e-07,7.479395458923376e-07,1.62582211
unknown:GeTe,646,216,5.477225517440215e-08,2.53575255437047e-07,1.21302716
unknown:GeTe,647,216,5.099019458653051e-08,2.3606571567838198e-07,1.27254245
unknown:GeTe,648,216,8.306623758972758e-08,3.845659147672573e-07,4.95029368
unknown:GeTe,649,216,7.348469147429694e-08,3.402069049735969e-07,1.31855675
unknown:GeTe,650,216,9.899494907849622e-08,4.583099494374825e-07,2.04259399
unknown:GeTe,651,216,8.062257765399397e-08,3.7325267432404616e-07,1.75718386
a-GST,652,189,5.74456265027862e-08,3.0394511377135556e-07,0.98917294
unknown:GeTe,653,216,9.8994949123356e-08,4.5830994964516663e-07,1.06284935
unknown:GeTe,654,216,8.485281422108709e-08,3.928371028754032e-07,1.00657353
unknown:GeTe,655,216,7.483314834887305e-08,3.4644976087441224e-07,4.63592219
unknown:GeTe,656,216,7.549834342330008e-08,3.4952936770046333e-07,1.89584517
unknown:GeTe,657,216,4.3588989730841706e-08,2.018008783835264e-07,1.76560568
unknown:GeTe,658,216,4.898979433130618e-08,2.2680460338567677e-07,1.81984908
unknown:GeTe,659,216,8.544003799943853e-08,3.9555573147888204e-07,1.07667687
unknown:GeTe,660,216,1.7320507842226378e-08,8.01875363066036e-08,1.10905233
unknown:GeTe,661,216,8.366600511734347e-08,3.873426162839975e-07,3.17312829
unknown:GeTe,662,216,3.316624830452781e-08,1.535474458542954e-07,2.78682987
a-GST,663,189,8.24621115803623e-08,4.3630746867916557e-07,0.89925068
unknown:GeTe,664,216,3.605551401353182e-08,1.6692367598857324e-07,1.87449481
unknown:GeTe,665,216,5.000000093957624e-08,2.3148148583137149e-07,1.91810095
unknown:GeTe,666,216,8.544003794096474e-08,3.955557312081701e-07,0.9928991
unknown:GeTe,667,216,1.2369316864508165e-07,5.726535585420447e-07,1.00832008
unknown:GeTe,668,216,5.0000004137018557e-08,2.3148150063434517e-07,4.56543384
unknown:GeTe,669,216,4.123105622101101e-08,1.9088451954171765e-07,1.64742742
unknown:GeTe,670,216,4.123105622101098e-08,1.908845195417175e-07,1.91357451
unknown:GeTe,671,216,8.831761033899165e-08,4.088778256434799e-07,1.43844269
unknown:GeTe,672,216,5.916079807196635e-08,2.738925836665109e-07,1.14866418
unknown:GeTe,673,216,4.2426406691852226e-08,1.9641854949931585e-07,0.95974347
a-GST,674,189,9.899494898877664e-08,5.237827988824161e-07,6.58406512
unknown:SbTe,675,180,1.4142133064887139e-08,7.856740591603965e-08,6.47490773
unknown:SbTe,676,180,6.403124052872373e-08,3.5572911404846515e-07,1.96600175
unknown:SbTe,677,180,5.385164873364682e-08,2.991758262980379e-07,1.67230746
unknown:SbTe,678,180,8.544003781752006e-08,4.7466687676400037e-07,1.6527711
unknown:SbTe,679,180,1.4142134281708648e-08,7.856741267615915e-08,0.92727085
unknown:SbTe,680,180,3.1622776198847284e-08,1.7568208999359604e-07,1.13866676
unknown:SbTe,681,180,8.831760546152112e-08,4.906533636751173e-07,2.77754205
unknown:SbTe,682,180,3.3166246296058813e-08,1.842569238669934e-07,1.52091813
unknown:SbTe,683,180,9.695359733776708e-08,5.386310963209282e-07,1.94043489
unknown:SbTe,684,180,7.615773263670464e-08,4.2309851464835907e-07,1.39158528
a-GST,685,189,7.874007938956533e-08,4.166141766643668e-07,1.67538525
unknown:SbTe,686,180,4.582575633187496e-08,2.545875351770831e-07,1.0511248
unknown:SbTe,687,180,4.1231056301791564e-08,2.2906142389884202e-07,0.98674126
unknown:SbTe,688,180,2.236068023490973e-08,1.2422600130505407e-07,3.041135
unknown:SbTe,689,180,6.16441390066823e-08,3.424674389260128e-07,1.79437967
unknown:SbTe,690,180,7.071067765554819e-08,3.9283709808637886e-07,1.69579372
unknown:SbTe,691,180,5.656854246514863e-08,3.142696803619368e-07,2.12290846
unknown:SbTe,692,180,3.605551234306327e-08,2.0030840190590708e-07,1.07624735
unknown:SbTe,693,180,4.6904157538040974e-08,2.6057865298911653e-07,1.05295206
unknown:SbTe,694,180,3.7416572809526487e-08,2.0786984894181382e-07,2.95288461
unknown:SbTe,695,180,5.099019343254747e-08,2.8327885240304146e-07,1.77272508
a-GST,696,189,7.874007850127497e-08,4.166141719644178e-07,2.14050414
a-GST,697,189,1.4142135537782598e-08,7.482611395652168e-08,1.67969555
unknown:SbTe,698,180,8.774964485888518e-08,4.874980269938065e-07,1.91005034
unknown:SbTe,699,180,6.403124267873132e-08,3.5572912599295176e-07,2.44358224
unknown:SbTe,700,180,8.246211257665626e-08,4.5812284764809035e-07,0.91917372
unknown:SbTe,701,180,4.123105525164388e-08,2.2906141806468825e-07,1.12816792
unknown:SbTe,702,180,5.477225407983265e-08,3.042903004435147e-07,3.07459832
unknown:SbTe,703,180,4.6904157833916405e-08,2.6057865463286893e-07,1.64328329
unknown:SbTe,704,180,4.472136037051807e-08,2.484520020584337e-07,2.04248436
unknown:SbTe,705,180,7.810249463546679e-08,4.339027479748155e-07,1.60863341
unknown:SbTe,706,180,9.486832899443632e-08,5.270462721913129e-07,1.39231581
unknown:SbTe,707,180,5.385164856871618e-08,2.991758253817566e-07,1.2377156
a-GST,708,189,6.403124177711523e-08,3.3878963903235575e-07,1.57191814
a-GST,709,189,5.099019519618193e-08,2.6978939257239114e-07,1.41457212
a-GST,710,189,6.40312423753028e-08,3.387896421973694e-07,1.28673767
a-GST,711,189,5.385164774406324e-08,2.8492935314319175e-07,3.67835636
a-GST,712,189,6.164414224851754e-08,3.261594827963891e-07,2.03810294
a-GST,713,189,1.1224972163315082e-07,5.939138710748721e-07,1.67694092
a-GST,714,189,7.681145823863914e-08,4.064098319504716e-07,1.47176911
a-GST,715,189,8.717797901595386e-08,4.612591482325601e-07,1.04826198
a-GST,716,189,5.74456260486134e-08,3.039451113683249e-07,1.09035834
a-GST,717,189,8.124038445457298e-08,4.2984330399244966e-07,2.05820152
a-GST,718,192,9.949874038337002e-08,5.182226061633855e-07,6.75357606
a-GST,719,192,5.8309518251355633e-08,3.0369540755914393e-07,1.48282508
a-GST,720,192,7.348469123256539e-08,3.8273276683627813e-07,1.47334353
a-GST,721,192,4.242640640400197e-08,2.2097086668751024e-07,1.99405976
a-GST,722,192,5.3851647908993806e-08,2.8047733285934276e-07,0.93129215
a-GST,723,192,4.358898876297172e-08,2.2702598314047772e-07,1.11138014
a-GST,724,192,6.708203918210819e-08,3.4938562074014684e-07,4.00628316
a-GST,725,192,6.999999938425308e-08,3.6458333012631814e-07,1.61534748
a-GST,726,192,8.246211287285175e-08,4.2949017121276954e-07,1.61653783
a-GST,727,192,7.615773088735156e-08,3.966548483716227e-07,1.89127953
a-GST,728,189,1.0198038986980549e-07,5.395787823799232e-07,0.85036389
a-GST,729,192,9.486832936892519e-08,4.941058821298187e-07,1.00653585
a-GST,730,192,1.4525838990154566e-07,7.565541140705502e-07,1.21188508
a-GST,731,192,6.403124039001371e-08,3.3349604369798803e-07,8.17726054
a-GST,732,192,7.681145816817652e-08,4.000596779592527e-07,2.02267788
a-GST,733,192,9.21954429529125e-08,4.801845987130859e-07,3.33149772
a-GST,734,192,6.480740669300021e-08,3.375385765260428e-07,1.77313661
a-GST,735,192,9.486832925189742e-08,4.941058815202991e-07,1.01443373
a-GST,736,192,9.486833124136972e-08,4.94105891882134e-07,0.94609005
a-GST,737,192,3.162277704144747e-08,1.6470196375753893e-07,3.94540843
a-GST,738,192,1.019803909149222e-07,5.311478693485531e-07,1.71632215
a-GST,739,189,8.485281411641425e-08,4.4895668844663626e-07,1.05794646
a-GST,740,192,6.633249493533141e-08,3.454817444548511e-07,1.77443136
a-GST,741,192,9.486833009449745e-08,4.941058859088409e-07,1.7464443
a-GST,742,192,4.6904157573546034e-08,2.442924873622189e-07,1.0270211
a-GST,743,192,7.681145724312865e-08,4.00059673141295e-07,1.26644751
a-GST,744,192,4.898979582702016e-08,2.5515518659906333e-07,2.85135764
a-GST,745,192,7.071067803433301e-08,3.682847814288178e-07,1.73295476
a-GST,746,192,5.0990195000222546e-08,2.6557393229282573e-07,1.61665375
a-GST,747,192,2.4494898366756726e-08,1.2757759566019126e-07,1.90999606
a-GST,748,192,2.999999989169075e-08,1.562499994358893e-07,0.9711532
a-GST,749,192,8.062257699300412e-08,4.1990925517189645e-07,1.33363367
a-GST,750,189,7.141428363376313e-08,3.7785335255959326e-07,4.05889026
a-GST,751,198,6.480740624759123e-08,3.273101325635921e-07,4.21891317
a-GST,752,198,7.874007928029148e-08,3.9767716808228025e-07,1.52088636
a-GST,753,198,4.123105751350047e-08,2.0823766420959834e-07,2.2427215
a-GST,754,198,8.77496452637545e-08,4.4318002658461866e-07,1.53828776
a-GST,755,198,5.385164980569562e-08,2.7197802932169504e-07,1.32660563
a-GST,756,198,8.306623736251377e-08,4.195264513258271e-07,1.01246186
a-GST,757,198,9.273618664206206e-08,4.683645790003134e-07,3.53511556
a-GST,758,198,6.164414113188536e-08,3.1133404612063314e-07,1.71524039
a-GST,759,198,4.8989795827020154e-08,2.4742321124757654e-07,1.39744825
a-GST,760,198,7.681145654934282e-08,3.8793664923910516e-07,2.19057368
a-GST,761,189,5.4772255133862567e-08,2.8980029171355857e-07,2.94286769
a-GST,762,198,9.43398108413653e-08,4.764636911180066e-07,0.85002464
a-GST,763,198,1.0000000045806701e-07,5.050505073639748e-07,0.97961587
a-GST,764,198,3.162277500516393e-08,1.597109848745653e-07,3.09323866
a-GST,765,198,7.483314769608997e-08,3.779451903842928e-07,1.55507518
a-GST,766,198,4.582575662259959e-08,2.314432152656545e-07,1.70618683
a-GST,767,198,3.316624723334435e-08,1.675062991583048e-07,1.37707123
a-GST,768,198,6.782329928810379e-08,3.425419155964838e-07,1.14803572
a-GST,769,198,4.9999998963379266e-08,2.525252472897943e-07,1.28151405
a-GST,770,198,5.477225549871909e-08,2.766275530238338e-07,3.29069712
a-GST,771,198,4.898979446728023e-08,2.474232043802032e-07,2.1187679
a-GST,772,189,8.485281343604087e-08,4.489566848467771e-07,1.80372632
a-GST,773,198,7.874007918511753e-08,3.9767716760160366e-07,2.27555929
a-GST,774,198,5.99999985991436e-08,3.030302959552707e-07,1.74037789
a-GST,775,198,6.782329991013891e-08,3.425419187380753e-07,1.20594515
a-GST,776,198,4.2426407346057415e-08,2.1427478457604756e-07,0.93606546
a-GST,777,198,5.830951735646772e-08,2.944925119013521e-07,2.86578745
a-GST,778,198,1.3490737517863842e-07,6.81350379690093e-07,1.68863852
a-GST,779,198,3.316624730029339e-08,1.6750629949643126e-07,1.8598642
a-GST,780,198,5.477225466765699e-08,2.7662754882655043e-07,1.82004734
a-GST,781,198,5.3851647331736736e-08,2.719780168269532e-07,0.93600727
a-GST,782,198,5.999999941330714e-08,3.030303000672078e-07,0.96071957
a-GST,783,189,4.582575822158507e-08,2.424643292147358e-07,1.50252427
a-GST,784,198,7.211102630270907e-08,3.641971025389347e-07,3.61192467
a-GST,785,198,5.0990194281704806e-08,2.5752623374598387e-07,1.65544502
a-GST,786,198,7.0710676998072e-08,3.5712463130339394e-07,1.56393313
a-GST,787,198,9.43398112179522e-08,4.764636930199606e-07,2.38538779
a-GST,788,198,3.741657408542065e-08,1.8897259639101338e-07,0.93445459
a-GST,789,198,1.0677078135150722e-07,5.392463704621577e-07,1.03445973
a-GST,790,198,7.000000046275548e-08,3.535353558725024e-07,4.41815376
a-GST,791,198,4.123105649027961e-08,2.082376590418162e-07,1.29851341
a-GST,792,198,7.071067863096822e-08,3.571246395503446e-07,2.04416083
a-GST,793,198,2.999999707912577e-08,1.5151513676326145e-07,1.92723159
a-LiPS,794,360,6.480740552808447e-08,1.8002057091134575e-07,2.66034275
a-LiPS,795,360,6.557438599578414e-08,1.821510722105115e-07,2.95613127
a-LiPS,796,360,8.485281301734955e-08,2.3570225838152652e-07,2.18544051
a-LiPS,797,360,4.690415788125647e-08,1.3028932744793464e-07,2.43554369
a-LiPS,798,360,1.224744883709792e-07,3.4020691214160884e-07,2.95164853
a-LiPS,799,360,1.8627935804010584e-07,5.174426612225162e-07,2.74966351
a-LiPS,800,360,4.242640614231988e-08,1.1785112817311077e-07,2.23638201
a-LiPS,801,360,7.348469428442619e-08,2.0412415079007276e-07,3.94138383
a-LiPS,802,360,8.717797681277606e-08,2.421610467021557e-07,3.37405881
a-LiPS,803,360,8.831760953446041e-08,2.4532669315127893e-07,3.779636
a-LiPS,804,360,8.24621111495326e-08,2.2906141985981277e-07,1.97954
a-LiPS,805,360,1.0999999682842994e-07,3.0555554674563874e-07,2.91201547
a-LiPS,806,360,1.1445523317141369e-07,3.179312032539269e-07,2.7964863
a-LiPS,807,360,1.1445523346241563e-07,3.1793120406226567e-07,2.06830043
a-LiPS,808,360,7.348469594633061e-08,2.0412415540647392e-07,2.53916813
a-LiPS,809,360,7.874008119434572e-08,2.1872244776207144e-07,2.69698024
a-LiPS,810,360,8.306623876589283e-08,2.307395521274801e-07,2.33644276
a-LiPS,811,360,9.110433772376035e-08,2.530676047882232e-07,2.40277272
a-LiPS,812,360,1.746424934217641e-07,4.85118037282678e-07,2.34981917
a-LiPS,813,360,6.164413879055995e-08,1.7123371886266655e-07,1.99669336
unknown:LiS,814,324,1.0630145796173107e-07,3.280909196349724e-07,1.54955804
unknown:LiS,815,324,1.2083045918536755e-07,3.7293351600422086e-07,1.56626426
unknown:LiS,816,324,9.695359807063596e-08,2.992395002180122e-07,1.11290704
unknown:LiS,817,324,8.062257741989342e-08,2.4883511549349824e-07,1.08625447
unknown:LiS,818,324,3.162277781383071e-08,9.760116609207008e-08,1.10544324
unknown:LiS,819,324,6.633249647515769e-08,2.04729927392462e-07,1.11520959
unknown:LiS,820,324,7.874007891017054e-08,2.4302493490793374e-07,1.13490352
unknown:LiS,821,324,7.280109871723514e-08,2.2469474912726898e-07,1.17047986
unknown:LiS,822,324,1.0000000187915248e-07,3.086419811084953e-07,1.13013506
unknown:LiS,823,324,8.602325395447374e-08,2.655038702298572e-07,1.11819709
unknown:LiS,824,324,9.16515125668417e-08,2.8287503878654844e-07,1.103098
unknown:LiS,825,324,9.433981165338082e-08,2.91172258189447e-07,1.43969997
unknown:LiS,826,324,1.0198038956497979e-07,3.147542887808018e-07,1.19325025
unknown:LiS,827,324,4.123105751350044e-08,1.2725635035031e-07,1.3128227
unknown:LiS,828,324,4.5825756283420855e-08,1.4143751939327425e-07,1.29874876
unknown:LiS,829,324,4.123105530549763e-08,1.272563435354865e-07,1.13748709
unknown:LiS,830,324,6.480740576792004e-08,2.000228573083952e-07,1.19601411
unknown:LiS,831,324,8.544003880507755e-08,2.6370382347246154e-07,1.01865177
unknown:LiS,832,324,5.8309519469926315e-08,1.7996765268495777e-07,1.22912235
unknown:LiS,833,324,1.4071247236558753e-07,4.3429775421477634e-07,1.61952591
a-LiPS,834,288,8.306623897974105e-08,2.884244409018787e-07,2.22329891
a-LiPS,835,288,4.4721359476805764e-08,1.5528249818335336e-07,1.84617421
a-LiPS,836,288,8.36660023041663e-08,2.905069524450218e-07,1.91108142
a-LiPS,837,288,1.2369317002732732e-07,4.2949017370599763e-07,2.26106742
a-LiPS,838,288,8.246211244202196e-08,2.8632677931257624e-07,2.01636759
a-LiPS,839,288,1.1180339755997888e-07,3.882062415277044e-07,2.55864958
a-LiPS,840,288,8.831760872992918e-08,3.066583636455874e-07,2.3355628
a-LiPS,841,288,9.643650614889127e-08,3.3484897968365026e-07,1.75529488
a-LiPS,842,288,3.7416575776722314e-08,1.2991866589139692e-07,2.20754004
a-LiPS,843,288,1.0816653795551723e-07,3.7557825678999037e-07,3.03669553
a-LiPS,844,288,9.848857741939958e-08,3.4197422715069295e-07,2.49594682
a-LiPS,845,288,6.999999944769442e-08,2.4305555363782785e-07,1.92654823
a-LiPS,846,288,1.178982625430191e-07,4.0936896716326076e-07,2.20317998
a-LiPS,847,288,1.459451966492804e-07,5.067541550322237e-07,2.1040455
a-LiPS,848,288,4.99999996073087e-08,1.7361110974759965e-07,1.91703111
a-LiPS,849,288,7.681145640480403e-08,2.66706445850014e-07,2.18750926
a-LiPS,850,288,6.480740432890656e-08,2.2502570947536997e-07,2.2099002
a-LiPS,851,288,8.774964465645058e-08,3.046862661682312e-07,1.74235168
a-LiPS,852,288,9.539391978306848e-08,3.3122888813565447e-07,1.99375829
a-LiPS,853,288,4.1231055628620004e-08,1.4316338759937502e-07,2.11628097
a-LiPS,854,312,7.874008088414905e-08,2.523720541158623e-07,1.90908204
a-LiPS,855,312,5.744562719854028e-08,1.841205999953214e-07,1.98599343
a-LiPS,856,312,1.303840495255534e-07,4.17897594633184e-07,1.88350116
a-LiPS,857,312,5.916079867248456e-08,1.8961794446309155e-07,1.84484947
a-LiPS,858,312,8.602325173462788e-08,2.7571555043149964e-07,1.94656469
a-LiPS,859,312,1.1704699634702703e-07,3.7515062931739434e-07,2.05772132
a-LiPS,860,312,1.4142135223764135e-08,4.532735648642351e-08,2.33017199
a-LiPS,861,312,6.480740665873796e-08,2.0771604698313445e-07,2.08009877
a-LiPS,862,312,1.424780692893827e-07,4.566604784916112e-07,2.64708074
a-LiPS,863,312,8.124038338863274e-08,2.603858441943357e-07,2.42299535
a-LiPS,864,312,1.424780676530127e-07,4.5666047324683565e-07,2.35201433
a-LiPS,865,312,1.0198039278742299e-07,3.2686023329302237e-07,2.00172704
a-LiPS,866,312,1.7606816822755036e-07,5.643210520113793e-07,2.40649737
a-LiPS,867,312,1.1000000005816965e-07,3.5256410275054375e-07,2.5523988
a-LiPS,868,312,1.0677078361831293e-07,3.422140500586953e-07,2.61101395
a-LiPS,869,312,1.0246950803362995e-07,3.2842791036419857e-07,2.79367689
a-LiPS,870,312,4.582575846385561e-08,1.4687743097389617e-07,2.03741498
a-LiPS,871,312,9.4868326794314e-08,3.040651499817757e-07,2.45646744
a-LiPS,872,312,9.110433677323043e-08,2.920010794013796e-07,2.1208503
a-LiPS,873,312,1.4142137735912089e-08,4.532736453817977e-08,1.90797836
a-LiPS,874,336,1.0677078103956148e-07,3.177701816653615e-07,2.09959537
a-LiPS,875,336,1.9824227594244597e-07,5.900067736382321e-07,2.53060057
a-LiPS,876,336,9.43398108413653e-08,2.8077324655168247e-07,2.25653815
a-LiPS,877,336,6.164414325708844e-08,1.8346471207466802e-07,2.63860654
a-LiPS,878,336,5.4772255741956744e-08,1.630126658986808e-07,2.3435984
a-LiPS,879,336,7.000000005038696e-08,2.0833333348329453e-07,2.09120232
a-LiPS,880,336,6.403124254002116e-08,1.9056917422625345e-07,2.19774293
a-LiPS,881,336,4.1231054928521525e-08,1.2271147300155215e-07,1.72761546
a-LiPS,882,336,2.999999848540831e-08,8.928570977800093e-08,1.88531756
a-LiPS,883,336,6.480740967381384e-08,1.9287919545777928e-07,2.0957184
a-LiPS,884,336,1.5427248633291162e-07,4.5914430456223693e-07,2.32557193
a-LiPS,885,336,1.414213560058623e-07,4.208968928745902e-07,2.11483095
a-LiPS,886,336,5.830952019345277e-08,1.735402386709904e-07,2.03135877
a-LiPS,887,336,1.5556349180056904e-07,4.629865827397888e-07,2.56512435
a-LiPS,888,336,1.732050931649789e-08,5.154913487052943e-08,2.05988098
a-LiPS,889,336,9.486832754329178e-08,2.8234621292646363e-07,1.79877201
a-LiPS,890,336,1.7464249122220109e-07,5.197693191136937e-07,1.9910868
a-LiPS,891,336,7.07106764328387e-08,2.104484417644009e-07,2.08407528
a-LiPS,892,336,9.797959328572826e-08,2.916059323980008e-07,2.0639836
a-LiPS,893,336,8.999999777535727e-08,2.6785713623618233e-07,1.99474519
a-LiPS,894,224,7.615773164540455e-08,3.399898734169846e-07,1.41103921
a-LiPS,895,224,2.4494895647276868e-08,1.0935221271105744e-07,2.19439535
a-LiPS,896,224,6.082762577289398e-08,2.715519007718481e-07,1.60859665
a-LiPS,897,224,3.741657280952644e-08,1.6703827147110016e-07,1.56553621
a-LiPS,898,224,3.316624730029331e-08,1.4806360401916654e-07,1.59136307
a-LiPS,899,224,8.602325132163331e-08,3.840323719715773e-07,1.80100821
a-LiPS,900,224,1.0295630203503503e-07,4.596263483706921e-07,1.60251379
a-LiPS,901,224,1.0488088333275975e-07,4.68218229164106e-07,1.84798738
a-LiPS,902,224,9.48683293689252e-08,4.2351932753984466e-07,1.93663718
a-LiPS,903,224,3.000000114994351e-08,1.339285765622478e-07,1.64294319
a-LiPS,904,224,1.0816653779129296e-07,4.828863294254149e-07,1.97938646
a-LiPS,905,224,9.433981178283255e-08,4.211598740305024e-07,2.15732192
a-LiPS,906,224,6.708203992686845e-08,2.994733925306627e-07,1.87843832
a-LiPS,907,224,1.1045361009363174e-07,4.930964736322846e-07,1.94443158
a-LiPS,908,224,6.708204017512186e-08,2.994733936389369e-07,1.90656626
a-LiPS,909,224,7.07106769352683e-08,3.156726648895906e-07,1.64998328
a-LiPS,910,224,1.0630145856748887e-07,4.745600828905753e-07,2.09518318
a-LiPS,911,224,1.4142132397597657e-08,6.31345196321324e-08,2.3590211
a-LiPS,912,224,5.916079854112121e-08,2.6411070777286253e-07,1.78229651
a-LiPS,913,224,1.0000000827403725e-08,4.464286083662377e-08,1.94414174
unknown:PS,914,224,1.999999765800455e-08,8.928570383037746e-08,2.09545463
unknown:PS,915,224,3.4641016453637836e-08,1.5464739488231179e-07,1.98212801
unknown:PS,916,224,5.385164881611207e-08,2.4040914650050027e-07,1.97138773
unknown:PS,917,224,5.196152476592175e-08,2.319710927050078e-07,1.95909523
unknown:PS,918,224,7.874007905116897e-08,3.5151821004986147e-07,1.97434451
unknown:PS,919,224,4.123105815974514e-08,1.8406722392743365e-07,2.55763474
unknown:PS,920,224,7.68114569540512e-08,3.429082899734429e-07,2.69148464
unknown:PS,921,224,5.196152647522193e-08,2.319711003358122e-07,2.3374771
unknown:PS,922,224,2.2360679341197568e-08,9.982446134463199e-08,2.68463027
unknown:PS,923,224,5.196152267202919e-08,2.3197108335727317e-07,2.95390917
unknown:PS,924,224,3.000000485068703e-08,1.3392859308342426e-07,2.52441169
unknown:PS,925,224,8.774964293575608e-08,3.917394773917682e-07,2.22334478
unknown:PS,926,224,2.4494899635847427e-08,1.09352230517176e-07,3.73055906
unknown:PS,927,224,1.4142135223764246e-08,6.313453224894753e-08,2.59307054
unknown:PS,928,224,2.8284270133509605e-08,1.2626906309602502e-07,2.41102535
unknown:PS,929,224,5.099019665499069e-08,2.2763480649549415e-07,2.28024083
unknown:PS,930,224,3.741657364034129e-08,1.6703827518009502e-07,2.12614389
unknown:PS,931,224,1.0099504872585493e-07,4.5087075324042384e-07,1.85658718
unknown:PS,932,224,1.1045360889750481e-07,4.930964682924322e-07,2.23641274
unknown:PS,933,224,1.0440306470981516e-07,4.6608511031167484e-07,2.88634877
