system,n_frames,median_meV_A,p95_meV_A,max_meV_A,fraction_above_1_meV_A
a-C,100,3.240740929579196e-07,5.967543391932211e-07,6.364688579075942e-07,0.0
a-GST,210,3.1424336970611936e-07,5.212807121588522e-07,7.565541140705502e-07,0.0
a-LiPS,100,2.8155972973907305e-07,4.937793577022815e-07,5.900067736382321e-07,0.0
a-Si,324,3.8273277529530856e-07,9.110862350981656e-07,1.2203515142165415e-06,0.0
a-SiO2,80,3.144660292337919e-07,4.552081339634611e-07,6.480740741250691e-07,0.0
unknown:GeTe,40,3.316927788638402e-07,5.742514759050906e-07,7.479395458923376e-07,0.0
unknown:LiS,20,2.5626946948297986e-07,3.760017279147487e-07,4.3429775421477634e-07,0.0
unknown:PS,20,2.2980294492638367e-07,4.6743567821071273e-07,4.930964682924322e-07,0.0
unknown:SbTe,40,2.605786538109927e-07,4.924730091009269e-07,5.386310963209282e-07,0.0
