pair,r_A,generated_mean,generated_sd,am26_mean,am26_sd
Si-O,0.025,0.0,0.0,0.0,0.0
Si-O,0.07500000000000001,0.0,0.0,0.0,0.0
Si-O,0.125,0.0,0.0,0.0,0.0
Si-O,0.17500000000000002,0.0,0.0,0.0,0.0
Si-O,0.225,0.0,0.0,0.0,0.0
Si-O,0.275,0.0,0.0,0.0,0.0
Si-O,0.32500000000000007,0.0,0.0,0.0,0.0
Si-O,0.375,0.0,0.0,0.0,0.0
Si-O,0.42500000000000004,0.0,0.0,0.0,0.0
Si-O,0.475,0.0,0.0,0.0,0.0
Si-O,0.525,0.0,0.0,0.0,0.0
Si-O,0.5750000000000001,0.0,0.0,0.0,0.0
Si-O,0.625,0.0,0.0,0.0,0.0
Si-O,0.675,0.0,0.0,0.0,0.0
Si-O,0.7250000000000001,0.0,0.0,0.0,0.0
Si-O,0.775,0.0,0.0,0.0,0.0
Si-O,0.8250000000000001,0.0,0.0,0.0,0.0
Si-O,0.875,0.0,0.0,0.0,0.0
Si-O,0.925,0.0,0.0,0.0,0.0
Si-O,0.9750000000000001,0.0,0.0,0.0,0.0
Si-O,1.025,0.0,0.0,0.0,0.0
Si-O,1.0750000000000002,0.0,0.0,0.0,0.0
Si-O,1.125,0.0,0.0,0.0,0.0
Si-O,1.1750000000000003,0.0,0.0,0.0,0.0
Si-O,1.225,0.0,0.0,0.0,0.0
Si-O,1.275,0.0,0.0,0.0,0.0
Si-O,1.3250000000000002,0.0,0.0,0.0,0.0
Si-O,1.375,0.0,0.0,0.0,0.0
Si-O,1.4250000000000003,0.0,0.0,0.0,0.0
Si-O,1.475,0.0,0.0,0.0,0.0
Si-O,1.525,0.12379952632357175,0.18483304010620008,0.4903709807028916,0.20716715379742262
Si-O,1.5750000000000002,5.083444234449539,0.48492365673282295,9.506417771670273,0.9142259161133203
Si-O,1.625,18.832472514820132,0.3351095969019256,19.69073714213649,1.0200178318771698
Si-O,1.6750000000000003,9.82508676756381,0.7163043990428809,5.84514158882306,0.6054048983689644
Si-O,1.725,1.5742943851237583,0.20957554714482518,0.5027740244668446,0.24192765895514856
Si-O,1.775,0.1208068074604233,0.08594576534141797,0.07926943957741792,0.08675176092006537
Si-O,1.8250000000000002,0.028631727584094286,0.039205676938163736,0.028552967303026523,0.04845064043964943
Si-O,1.875,0.0678931709363714,0.08293280240010312,0.010144511549203905,0.024778516392719385
Si-O,1.9250000000000003,0.0,0.0,0.0,0.0
Si-O,1.975,0.0,0.0,0.002990067070474642,0.013371986453729908
Si-O,2.0250000000000004,0.0,0.0,0.0,0.0
Si-O,2.075,0.0,0.0,0.0,0.0
Si-O,2.125,0.0,0.0,0.0,0.0
Si-O,2.175,0.0,0.0,0.0,0.0
Si-O,2.225,0.0,0.0,0.0,0.0
Si-O,2.2750000000000004,0.0,0.0,0.0,0.0
Si-O,2.325,0.0,0.0,0.0,0.0
Si-O,2.375,0.0,0.0,0.002087087108005169,0.009333737296926003
Si-O,2.4250000000000003,0.0,0.0,0.0,0.0
Si-O,2.475,0.0,0.0,0.0,0.0
Si-O,2.5250000000000004,0.0,0.0,0.001877323062937309,0.008395643968911879
Si-O,2.575,0.007101879969741406,0.015880286380385935,0.005359600512129426,0.017536203144766536
Si-O,2.625,0.0,0.0,0.008654192338743172,0.018995472423211875
Si-O,2.6750000000000003,0.006722363439255549,0.015031661619634687,0.006577086399010458,0.01724564242541396
Si-O,2.725,0.03200324084754217,0.022422679500650085,0.0159231726488607,0.021966607096085392
Si-O,2.7750000000000004,0.024854870679903978,0.04069867578903138,0.027711343560480238,0.029930049672673025
Si-O,2.825,0.04192347698280581,0.016474611812394693,0.032708833395552736,0.028726736610718687
Si-O,2.875,0.04644484802075912,0.03317600321347719,0.061790439536935325,0.04207594145118607
Si-O,2.9250000000000003,0.08949667925759354,0.03117434941079068,0.07911896898629094,0.0385040590061351
Si-O,2.975,0.12936272109614408,0.06701653380239513,0.1314193302586283,0.0698963355589559
Si-O,3.0250000000000004,0.13078356676378008,0.04965319376711536,0.1792345199852153,0.07823293099521388
Si-O,3.075,0.26740997157701873,0.04968450442093684,0.2700610443254887,0.08298492032473667
Si-O,3.125,0.1903337204025867,0.0709298880841638,0.3365700487293558,0.08179921984331799
Si-O,3.1750000000000003,0.3749533982593566,0.12891445449759198,0.4073497015501972,0.1009986028720656
Si-O,3.225,0.4128859988443356,0.10848284992105652,0.4765277399397432,0.09090408067264569
Si-O,3.2750000000000004,0.5252313742701997,0.10956648184953365,0.5237741494389866,0.08522290475228184
Si-O,3.325,0.6135040149478634,0.10174058320788089,0.5689489171399531,0.09317292584492311
Si-O,3.375,0.5362096884948244,0.13834146295047192,0.578292557134819,0.08321754817023107
Si-O,3.4250000000000003,0.6033425425807454,0.11451049201887564,0.6954415512240439,0.102748587960728
Si-O,3.475,0.7010612068387376,0.13324286409464822,0.7428252296940001,0.11139316785526819
Si-O,3.5250000000000004,0.7309574795195706,0.13139115744241003,0.7936149831018542,0.15885176052583175
Si-O,3.575,0.7918002175220374,0.12368284673936472,0.8220332688657029,0.1285204767915543
Si-O,3.625,0.7814253963322619,0.08325469543081665,0.9019184447073203,0.14698278154393113
Si-O,3.6750000000000003,0.8983624430624356,0.06206209464710164,0.8922117837031827,0.11727360893057079
Si-O,3.725,0.9606687807189592,0.1704596407936858,0.928635837149173,0.16487181236154466
Si-O,3.7750000000000004,0.8281942937213772,0.0976559361719262,0.9551552423728772,0.10829081874799198
Si-O,3.825,1.0441968665962782,0.11462179842768476,1.0214759385270757,0.13644849859528116
Si-O,3.875,1.0498348134647024,0.07518700925512793,1.0450991029308807,0.11969432731789915
Si-O,3.9250000000000003,1.1734613314628435,0.22583684868420112,1.0665629218896844,0.10138014364398837
Si-O,3.975,1.0674108220632665,0.0950517881756564,1.170730014000094,0.13606592230908432
Si-O,4.025,1.223846922221326,0.07806550436192099,1.2404813612250694,0.14355808599087838
Si-O,4.075,1.236213233949485,0.16332310138270212,1.375500980839749,0.13766316039735743
Si-O,4.125,1.3064809080831727,0.190776605033151,1.3346469912864027,0.09916348841144602
Si-O,4.175000000000001,1.3871495395386195,0.07585081137462348,1.3082209488912926,0.15742054506491715
Si-O,4.225,1.1966740339477375,0.09165217923809703,1.170434295060972,0.08558955349851569
Si-O,4.275,1.119170064385365,0.11112720675190434,0.9385636510847725,0.09926695126328905
Si-O,4.325,0.8936101307878858,0.07736193188415454,0.737417791682238,0.07697145036491146
Si-O,4.375,0.7413840555418758,0.05016326189955934,0.5812981987525736,0.09106489685936646
Si-O,4.425000000000001,0.4874169360372555,0.11388756881246166,0.470381091787522,0.06843607145135881
Si-O,4.475,0.4981070155309877,0.07866739021290169,0.39443464669853806,0.07382740279769447
Si-O,4.525,0.39416308375275555,0.03932970881865978,0.39347119616312975,0.08813495374766422
Si-O,4.575,0.44813830017141515,0.10653137283229938,0.37463421525988727,0.06206673232797937
Si-O,4.625,0.41077929931507995,0.08735306309156336,0.4176615581001884,0.06410164420473918
Si-O,4.675000000000001,0.3719206496372558,0.057706285524944514,0.3958261201489822,0.07573548181175778
Si-O,4.725,0.36389688331617875,0.05516328487403328,0.4318395052711755,0.06118096898396286
Si-O,4.775,0.4020360096509005,0.059731811947474525,0.4348896512323844,0.07822596403180762
Si-O,4.825000000000001,0.44332160490428585,0.0257466234262222,0.4136117043646931,0.06402824725280232
Si-O,4.875,0.4002573091941817,0.04513807003159972,0.42487162819818314,0.06356645549537243
Si-O,4.925000000000001,0.468491463823304,0.06031400791318593,0.4225859663260151,0.04119124480006312
Si-O,4.975,0.43017880679125,0.054772087684762695,0.44994250116595663,0.07421542072494904
Si-O,5.025,0.49942291641613046,0.05758428223340276,0.46696316606996824,0.05934684775617571
Si-O,5.075000000000001,0.4766515177040067,0.057567660256507724,0.4934582798371824,0.05869028805874264
Si-O,5.125,0.47797724563049115,0.06156987217945318,0.5013711548228341,0.07003617695032185
Si-O,5.175000000000001,0.5527214908307123,0.04730624958772266,0.5376980169937131,0.058860212297478495
Si-O,5.225,0.5424449676502857,0.045438035622983826,0.538210775395433,0.06734022148521839
Si-O,5.275,0.5803510656599827,0.06526926128474816,0.5502443799044627,0.06760012779441232
Si-O,5.325000000000001,0.6062117307052594,0.04192616718182351,0.5834843817544628,0.07135838632039722
Si-O,5.375,0.6081128720954363,0.06517489860756642,0.6047356477621314,0.06459141185381523
Si-O,5.425000000000001,0.6120474941974449,0.07405510012601006,0.6087714728445378,0.07121440844682822
Si-O,5.475,0.6499022709055219,0.08319664920909388,0.6306628937300731,0.07297510457821076
Si-O,5.525,0.6560317654405636,0.06696193420505543,0.6412412259407093,0.07601310328911477
Si-O,5.575000000000001,0.6286835423470684,0.08542126621674435,0.6900213143125875,0.056005952429446434
Si-O,5.625,0.6202358804226645,0.07265730541943413,0.6940069134543918,0.08031634863914067
Si-O,5.675000000000001,0.7044378264755149,0.05427112364374634,0.7080013125929729,0.08052625621936639
Si-O,5.725,0.7227822682604294,0.07586308673054343,0.7186949983543609,0.06541941219994805
Si-O,5.775,0.7456466984862407,0.09262185665694579,0.7594563903335185,0.08716923536079794
Si-O,5.825000000000001,0.7235161687023717,0.06203920431495165,0.7864319589941526,0.06641538456078841
Si-O,5.875,0.7391779285685526,0.14054956122801013,0.7985335947520422,0.0698655964079933
Si-O,5.925000000000001,0.761888343512023,0.033978275280007235,0.794276300395292,0.06223845230991218
Si-O,5.975,0.7067914793958865,0.09030701424070646,0.8080797688653396,0.06676870321303928
Si-Si,0.025,0.0,0.0,0.0,0.0
Si-Si,0.07500000000000001,0.0,0.0,0.0,0.0
Si-Si,0.125,0.0,0.0,0.0,0.0
Si-Si,0.17500000000000002,0.0,0.0,0.0,0.0
Si-Si,0.225,0.0,0.0,0.0,0.0
Si-Si,0.275,0.0,0.0,0.0,0.0
Si-Si,0.32500000000000007,0.0,0.0,0.0,0.0
Si-Si,0.375,0.0,0.0,0.0,0.0
Si-Si,0.42500000000000004,0.0,0.0,0.0,0.0
Si-Si,0.475,0.0,0.0,0.0,0.0
Si-Si,0.525,0.0,0.0,0.0,0.0
Si-Si,0.5750000000000001,0.0,0.0,0.0,0.0
Si-Si,0.625,0.0,0.0,0.0,0.0
Si-Si,0.675,0.0,0.0,0.0,0.0
Si-Si,0.7250000000000001,0.0,0.0,0.0,0.0
Si-Si,0.775,0.0,0.0,0.0,0.0
Si-Si,0.8250000000000001,0.0,0.0,0.0,0.0
Si-Si,0.875,0.0,0.0,0.0,0.0
Si-Si,0.925,0.0,0.0,0.0,0.0
Si-Si,0.9750000000000001,0.0,0.0,0.0,0.0
Si-Si,1.025,0.0,0.0,0.0,0.0
Si-Si,1.0750000000000002,0.0,0.0,0.0,0.0
Si-Si,1.125,0.0,0.0,0.0,0.0
Si-Si,1.1750000000000003,0.0,0.0,0.0,0.0
Si-Si,1.225,0.0,0.0,0.0,0.0
Si-Si,1.275,0.0,0.0,0.0,0.0
Si-Si,1.3250000000000002,0.0,0.0,0.0,0.0
Si-Si,1.375,0.0,0.0,0.0,0.0
Si-Si,1.4250000000000003,0.0,0.0,0.0,0.0
Si-Si,1.475,0.0,0.0,0.0,0.0
Si-Si,1.525,0.0,0.0,0.0,0.0
Si-Si,1.5750000000000002,0.0,0.0,0.0,0.0
Si-Si,1.625,0.0,0.0,0.0,0.0
Si-Si,1.6750000000000003,0.0,0.0,0.0,0.0
Si-Si,1.725,0.0,0.0,0.0,0.0
Si-Si,1.775,0.0,0.0,0.0,0.0
Si-Si,1.8250000000000002,0.0,0.0,0.0,0.0
Si-Si,1.875,0.0,0.0,0.0,0.0
Si-Si,1.9250000000000003,0.0,0.0,0.0,0.0
Si-Si,1.975,0.0,0.0,0.0,0.0
Si-Si,2.0250000000000004,0.0,0.0,0.0,0.0
Si-Si,2.075,0.0,0.0,0.0,0.0
Si-Si,2.125,0.0,0.0,0.0,0.0
Si-Si,2.175,0.0,0.0,0.0,0.0
Si-Si,2.225,0.0,0.0,0.0,0.0
Si-Si,2.2750000000000004,0.11135762619754137,0.15248698397291752,0.04116160723963033,0.10053553716972195
Si-Si,2.325,0.0536189684800845,0.11989565840488753,0.145323450250274,0.15947022422977847
Si-Si,2.375,0.25482017314307276,0.18169419002724757,0.1518296772511606,0.17268820223266965
Si-Si,2.4250000000000003,0.0,0.0,0.03654462086473183,0.08925535178493521
Si-Si,2.475,0.0932698323877648,0.2085576854690536,0.03467299962643313,0.08468598548775222
Si-Si,2.5250000000000004,0.0,0.0,0.0,0.0
Si-Si,2.575,0.0,0.0,0.0,0.0
Si-Si,2.625,0.0,0.0,0.010250863210746475,0.04584325393456176
Si-Si,2.6750000000000003,0.15936786959419963,0.16691394981833005,0.11948500571473068,0.15002927020631618
Si-Si,2.725,0.15514808877591718,0.25428451746501557,0.3547517379455289,0.2587179953287881
Si-Si,2.7750000000000004,0.48446463842200266,0.21466548586443265,0.8239719503073186,0.36389988975325094
Si-Si,2.825,1.3302074675682496,0.2498343756976165,1.6716513260342143,0.5197867347016559
Si-Si,2.875,2.1813220065507806,0.4314282197902665,2.6447013330948073,0.45988504490103777
Si-Si,2.9250000000000003,3.1487689212840317,0.6776742653148126,3.4449368894569554,0.7942578118407959
Si-Si,2.975,3.5919939260383797,0.4328131760086726,4.1261718207652,0.6753307157383578
Si-Si,3.0250000000000004,4.167315235651935,0.5300555710261878,4.474942304956157,0.7376034462916161
Si-Si,3.075,4.215886296795615,1.2391074781812654,4.30619122415933,0.9114563569057038
Si-Si,3.125,3.492421220054138,0.5513363086023448,3.9883486259744187,0.7173704817002738
Si-Si,3.1750000000000003,3.9205088867593476,0.44404706877172145,2.910442323331823,0.5988248979321213
Si-Si,3.225,2.4828985977786644,0.5309047323293317,1.4449623521983646,0.40248717114803545
Si-Si,3.2750000000000004,0.8025384795588855,0.27040572851283495,0.40478118720365924,0.15163811688433537
Si-Si,3.325,0.18149729775058415,0.11648664691760666,0.07053580437168754,0.10573742369784604
Si-Si,3.375,0.025445841337956153,0.05689863097634416,0.03753463059070074,0.08228186748297636
Si-Si,3.4250000000000003,0.0484379498753349,0.06632807011580832,0.030276238590267356,0.06679200070646629
Si-Si,3.475,0.02365658162705043,0.05289772463335734,0.017801252034031687,0.043482341682972915
Si-Si,3.5250000000000004,0.02322750536171323,0.05193828093653162,0.045916372772411576,0.06869431278981203
Si-Si,3.575,0.04468918292777839,0.061198956228706,0.08845778540976142,0.11066597316178801
Si-Si,3.625,0.04370296540844053,0.0598440642890732,0.10819082936470077,0.09925401236653109
Si-Si,3.6750000000000003,0.23334611805881406,0.2547876958601659,0.10531548375571269,0.18073007502221342
Si-Si,3.725,0.08293995849099779,0.08720734847301044,0.17400877911028978,0.16962328136058213
Si-Si,3.7750000000000004,0.20115036012625703,0.12277806522878715,0.21943791891373038,0.1631559351175104
Si-Si,3.825,0.2936711596277792,0.15353588053811817,0.277657076370982,0.18979194167861063
Si-Si,3.875,0.3049840764648194,0.20535835804278132,0.29398617055893095,0.16245471498340266
Si-Si,3.9250000000000003,0.22267212523025645,0.15323079392123426,0.37851157113258893,0.18569258845416872
Si-Si,3.975,0.5266220402768426,0.27662583841290067,0.4009445704368795,0.1731395619574549
Si-Si,4.025,0.4966358011344668,0.19813717096207217,0.48372841963391566,0.20470838442642872
Si-Si,4.075,0.534698315629115,0.14029587103433697,0.6168556923556596,0.3248168507536378
Si-Si,4.125,0.6050213090865236,0.2573554734442888,0.6226520832998055,0.21841805040006368
Si-Si,4.175000000000001,0.7567802756069825,0.1499722743804517,0.7549706330397999,0.2741031859642052
Si-Si,4.225,0.9146381891602262,0.16180100937257288,0.7169105489910809,0.27104090817581056
Si-Si,4.275,0.9872881251241813,0.3136270939895981,0.8957307347333481,0.26150399244652406
Si-Si,4.325,0.7657813802784551,0.16803892124303368,0.9467917213221023,0.3937867307438023
Si-Si,4.375,0.779830119369382,0.22118576389714692,0.921830932940742,0.22023646783174852
Si-Si,4.425000000000001,1.0094787078127,0.207270254228966,0.9717823910372662,0.39602551080625253
Si-Si,4.475,0.9153208682027497,0.11130621900159965,0.9862474869237744,0.25686088782552957
Si-Si,4.525,0.6701814161478453,0.3454691592957926,1.1451216901555332,0.3383798785385168
Si-Si,4.575,0.9589006085959018,0.1007396228637786,1.1899966326863498,0.2497546841478177
Si-Si,4.625,1.152934842834659,0.2334850350276104,1.1609991397058228,0.2436176201316464
Si-Si,4.675000000000001,1.3780955444667753,0.34431334093571964,1.2891440216204775,0.20922574541005348
Si-Si,4.725,1.3624651918869004,0.26632514660877016,1.3231899383814516,0.3203427217396849
Si-Si,4.775,1.1685412683978937,0.2350741002833261,1.3151386345652265,0.31781044410011206
Si-Si,4.825000000000001,1.4762518427201807,0.1421113987718472,1.3987365730168253,0.32126249378203714
Si-Si,4.875,1.3284123369414802,0.2902519271552886,1.35395823552899,0.2399376363967336
Si-Si,4.925000000000001,1.4049509682849899,0.29359032854850386,1.2613609557646464,0.23726899977817714
Si-Si,4.975,1.2750356336992672,0.3490468134870359,1.321275326192075,0.3205209076633081
Si-Si,5.025,1.4988399546504563,0.3552713421205589,1.3203409441018248,0.26910205573146956
Si-Si,5.075000000000001,1.2673824022229323,0.28082081113642127,1.4296968273883586,0.20595200637751754
Si-Si,5.125,1.5919777564148112,0.1885370599619234,1.2639192387480809,0.29244565299096187
Si-Si,5.175000000000001,1.2204743112863827,0.19280603579161978,1.3364123199533882,0.322577148737985
Si-Si,5.225,1.3546688235366642,0.18298815153980053,1.3440878179744875,0.24101797398093663
Si-Si,5.275,1.3477735164791709,0.21647161065079992,1.2636397175999887,0.21902328152739517
Si-Si,5.325000000000001,1.3030851088269784,0.17445652286878188,1.2766833651434895,0.24301612356680788
Si-Si,5.375,1.3397337745222484,0.34082642577312877,1.2076194103704727,0.1881157761618777
Si-Si,5.425000000000001,1.217732371349726,0.12878350743397518,1.2041875455923168,0.24762951298572658
Si-Si,5.475,1.0890570307848026,0.25801698389377314,1.1619817212979482,0.1662487425323564
Si-Si,5.525,1.2293299129288204,0.2176151275467242,1.1125964101893326,0.18895395289780872
Si-Si,5.575000000000001,1.3454242122262656,0.34956977023286223,1.1219795598701676,0.1935732733957027
Si-Si,5.625,1.0507630910670893,0.14032850784281778,1.1572712197918815,0.27960651367005324
Si-Si,5.675000000000001,1.0778842296311368,0.1602651916707977,1.1337415044267805,0.1998395966675583
Si-Si,5.725,0.8835187521558682,0.16894003825015166,1.0877219675249286,0.2657503948376186
Si-Si,5.775,1.3159628294832015,0.16488942217552274,0.8999476877573465,0.16983694573605207
Si-Si,5.825000000000001,1.107707710481767,0.21915072215054193,0.9150769114715377,0.15315349079194224
Si-Si,5.875,0.7549817695311882,0.2077677697821488,0.7945042082754485,0.19438617139224634
Si-Si,5.925000000000001,0.8817239044262649,0.17266782172319542,0.7573080559171753,0.16101565218435132
Si-Si,5.975,0.8342703379768771,0.2685800699247056,0.7435896884792543,0.14927661155828148
