t_ps,T_set_K,Si_CN0_percent,Si_CN1_percent,Si_CN2_percent,Si_CN3_percent,Si_CN4_percent,Si_CN5_percent,Si_CN6_percent
0.0,5000.0,0.0,0.0,0.0,1.0,99.0,0.0,0.0
0.25,5000.0,0.0,0.0,0.0,13.0,86.0,1.0,0.0
0.5,5000.0,0.0,0.0,4.0,24.0,71.0,1.0,0.0
0.75,5000.0,0.0,1.0,4.0,23.0,69.0,3.0,0.0
1.0,5000.0,0.0,0.0,5.0,40.0,54.0,1.0,0.0
1.25,5000.0,0.0,0.0,4.0,41.0,54.0,1.0,0.0
1.5,5000.0,0.0,0.0,3.0,34.0,62.0,1.0,0.0
1.75,5000.0,0.0,0.0,5.0,43.0,51.0,1.0,0.0
2.0,5000.0,0.0,0.0,8.0,41.0,50.0,1.0,0.0
2.25,5000.0,0.0,5.0,8.0,40.0,46.0,1.0,0.0
2.5,5000.0,0.0,1.0,7.000000000000001,39.0,50.0,3.0,0.0
2.75,5000.0,0.0,0.0,5.0,31.0,63.0,1.0,0.0
3.0,5000.0,0.0,1.0,8.0,30.0,59.0,2.0,0.0
3.25,5000.0,0.0,0.0,5.0,43.0,52.0,0.0,0.0
3.5,5000.0,0.0,0.0,7.000000000000001,42.0,51.0,0.0,0.0
3.75,5000.0,1.0,1.0,5.0,52.0,41.0,0.0,0.0
4.0,5000.0,0.0,0.0,11.0,39.0,49.0,1.0,0.0
4.25,5000.0,0.0,0.0,3.0,42.0,55.00000000000001,0.0,0.0
4.5,5000.0,0.0,0.0,6.0,51.0,42.0,1.0,0.0
4.75,5000.0,0.0,0.0,6.0,45.0,45.0,4.0,0.0
5.0,5000.0,0.0,1.0,8.0,36.0,54.0,1.0,0.0
5.25,5000.0,0.0,1.0,8.0,43.0,47.0,1.0,0.0
5.5,5000.0,0.0,0.0,8.0,33.0,57.99999999999999,0.0,1.0
5.75,5000.0,0.0,1.0,9.0,37.0,52.0,1.0,0.0
6.0,5000.0,0.0,0.0,10.0,39.0,50.0,1.0,0.0
6.25,5000.0,0.0,0.0,6.0,46.0,47.0,1.0,0.0
6.5,5000.0,0.0,0.0,6.0,48.0,45.0,1.0,0.0
6.75,5000.0,0.0,3.0,7.000000000000001,45.0,44.0,1.0,0.0
7.0,5000.0,0.0,1.0,7.000000000000001,33.0,56.00000000000001,3.0,0.0
7.25,5000.0,0.0,1.0,5.0,41.0,52.0,1.0,0.0
7.5,5000.0,0.0,1.0,7.000000000000001,38.0,54.0,0.0,0.0
7.75,5000.0,0.0,3.0,9.0,41.0,44.0,3.0,0.0
8.0,5000.0,0.0,0.0,5.0,50.0,44.0,1.0,0.0
8.25,5000.0,0.0,1.0,8.0,42.0,47.0,2.0,0.0
8.5,5000.0,0.0,0.0,11.0,51.0,37.0,1.0,0.0
8.75,5000.0,0.0,0.0,9.0,42.0,46.0,3.0,0.0
9.0,5000.0,0.0,0.0,3.0,46.0,50.0,1.0,0.0
9.25,5000.0,0.0,1.0,7.000000000000001,43.0,49.0,0.0,0.0
9.5,5000.0,0.0,0.0,6.0,47.0,46.0,1.0,0.0
9.75,5000.0,0.0,0.0,4.0,43.0,52.0,1.0,0.0
10.0,5000.0,0.0,3.0,5.0,36.0,54.0,2.0,0.0
10.25,5000.0,0.0,0.0,9.0,45.0,45.0,1.0,0.0
10.5,5000.0,0.0,0.0,5.0,51.0,44.0,0.0,0.0
10.75,5000.0,0.0,0.0,8.0,43.0,47.0,2.0,0.0
11.0,5000.0,0.0,0.0,12.0,33.0,51.0,4.0,0.0
11.25,5000.0,0.0,2.0,8.0,41.0,48.0,1.0,0.0
11.5,5000.0,0.0,0.0,8.0,42.0,47.0,2.0,1.0
11.75,5000.0,0.0,1.0,11.0,42.0,44.0,2.0,0.0
12.0,5000.0,0.0,0.0,8.0,47.0,44.0,1.0,0.0
12.25,5000.0,0.0,0.0,11.0,39.0,49.0,1.0,0.0
12.5,5000.0,0.0,0.0,4.0,52.0,43.0,1.0,0.0
12.75,5000.0,0.0,1.0,6.0,50.0,43.0,0.0,0.0
13.0,5000.0,0.0,0.0,9.0,40.0,48.0,3.0,0.0
13.25,5000.0,0.0,1.0,5.0,46.0,45.0,3.0,0.0
13.5,5000.0,0.0,1.0,3.0,41.0,50.0,5.0,0.0
13.75,5000.0,0.0,1.0,11.0,38.0,48.0,2.0,0.0
14.0,5000.0,0.0,1.0,10.0,37.0,51.0,1.0,0.0
14.25,5000.0,0.0,1.0,7.000000000000001,39.0,50.0,3.0,0.0
14.5,5000.0,0.0,2.0,4.0,46.0,45.0,3.0,0.0
14.75,5000.0,0.0,0.0,8.0,43.0,48.0,1.0,0.0
15.0,5000.0,0.0,1.0,5.0,35.0,53.0,6.0,0.0
15.25,5000.0,0.0,0.0,3.0,47.0,49.0,1.0,0.0
15.5,5000.0,0.0,0.0,6.0,37.0,54.0,3.0,0.0
15.75,5000.0,0.0,0.0,3.0,42.0,52.0,3.0,0.0
16.0,5000.0,0.0,0.0,9.0,39.0,50.0,2.0,0.0
16.25,5000.0,0.0,1.0,4.0,40.0,55.00000000000001,0.0,0.0
16.5,5000.0,0.0,1.0,8.0,49.0,42.0,0.0,0.0
16.75,5000.0,0.0,0.0,4.0,44.0,51.0,1.0,0.0
17.0,5000.0,0.0,0.0,6.0,44.0,49.0,1.0,0.0
17.25,5000.0,0.0,0.0,6.0,49.0,43.0,2.0,0.0
17.5,5000.0,0.0,0.0,4.0,48.0,47.0,1.0,0.0
17.75,5000.0,0.0,0.0,6.0,41.0,49.0,4.0,0.0
18.0,5000.0,0.0,2.0,6.0,43.0,47.0,2.0,0.0
18.25,5000.0,0.0,1.0,15.0,40.0,43.0,1.0,0.0
18.5,5000.0,0.0,3.0,10.0,42.0,43.0,2.0,0.0
18.75,5000.0,0.0,2.0,5.0,45.0,46.0,2.0,0.0
19.0,5000.0,0.0,1.0,8.0,44.0,47.0,0.0,0.0
19.25,5000.0,0.0,1.0,8.0,36.0,55.00000000000001,0.0,0.0
19.5,5000.0,0.0,2.0,4.0,45.0,47.0,2.0,0.0
19.75,5000.0,0.0,0.0,5.0,36.0,57.99999999999999,1.0,0.0
20.0,5000.0,0.0,0.0,8.0,40.0,52.0,0.0,0.0
20.25,4975.0,0.0,0.0,5.0,37.0,56.99999999999999,1.0,0.0
20.5,4950.0,0.0,0.0,10.0,38.0,50.0,2.0,0.0
20.75,4925.0,0.0,2.0,14.000000000000002,26.0,57.99999999999999,0.0,0.0
21.0,4900.0,0.0,0.0,9.0,48.0,42.0,1.0,0.0
21.25,4875.0,0.0,0.0,6.0,64.0,28.000000000000004,2.0,0.0
21.5,4850.0,0.0,0.0,3.0,45.0,51.0,1.0,0.0
21.75,4825.0,0.0,0.0,4.0,38.0,56.99999999999999,1.0,0.0
22.0,4800.0,0.0,0.0,3.0,36.0,60.0,1.0,0.0
22.25,4775.0,0.0,0.0,4.0,46.0,49.0,1.0,0.0
22.5,4750.0,0.0,0.0,5.0,28.000000000000004,67.0,0.0,0.0
22.75,4725.0,0.0,0.0,3.0,41.0,55.00000000000001,1.0,0.0
23.0,4700.0,0.0,0.0,3.0,47.0,48.0,2.0,0.0
23.25,4675.0,0.0,0.0,5.0,33.0,61.0,1.0,0.0
23.5,4650.0,0.0,0.0,6.0,35.0,56.99999999999999,2.0,0.0
23.75,4625.0,0.0,0.0,5.0,36.0,57.99999999999999,1.0,0.0
24.0,4600.0,0.0,0.0,2.0,41.0,56.99999999999999,0.0,0.0
24.25,4575.0,0.0,1.0,10.0,28.999999999999996,57.99999999999999,2.0,0.0
24.5,4550.0,0.0,0.0,5.0,38.0,53.0,4.0,0.0
24.75,4525.0,0.0,0.0,4.0,34.0,61.0,1.0,0.0
25.0,4500.0,0.0,0.0,0.0,41.0,57.99999999999999,1.0,0.0
25.25,4475.0,0.0,1.0,3.0,37.0,57.99999999999999,1.0,0.0
25.5,4450.0,0.0,0.0,3.0,30.0,64.0,2.0,1.0
25.75,4425.0,0.0,0.0,4.0,31.0,65.0,0.0,0.0
26.0,4400.0,0.0,0.0,1.0,36.0,61.0,2.0,0.0
26.25,4375.0,0.0,0.0,4.0,28.000000000000004,66.0,2.0,0.0
26.5,4350.0,0.0,0.0,3.0,23.0,72.0,2.0,0.0
26.75,4325.0,0.0,0.0,3.0,26.0,71.0,0.0,0.0
27.0,4300.0,0.0,0.0,2.0,34.0,64.0,0.0,0.0
27.25,4275.0,0.0,0.0,2.0,31.0,66.0,1.0,0.0
27.5,4250.0,0.0,0.0,2.0,26.0,71.0,1.0,0.0
27.75,4225.0,0.0,0.0,1.0,28.000000000000004,69.0,2.0,0.0
28.0,4200.0,0.0,0.0,1.0,33.0,65.0,1.0,0.0
28.25,4175.0,0.0,0.0,2.0,35.0,61.0,2.0,0.0
28.5,4150.0,0.0,0.0,3.0,24.0,73.0,0.0,0.0
28.75,4125.0,0.0,0.0,4.0,23.0,69.0,4.0,0.0
29.0,4100.0,0.0,0.0,1.0,22.0,76.0,1.0,0.0
29.25,4075.0,0.0,0.0,0.0,26.0,74.0,0.0,0.0
29.5,4050.0,0.0,0.0,4.0,21.0,72.0,3.0,0.0
29.75,4025.0,0.0,0.0,3.0,27.0,69.0,1.0,0.0
30.0,4000.0,0.0,0.0,3.0,20.0,77.0,0.0,0.0
30.25,3975.0,0.0,0.0,0.0,18.0,79.0,3.0,0.0
30.5,3950.0,0.0,0.0,3.0,26.0,70.0,1.0,0.0
30.75,3925.0,0.0,0.0,2.0,27.0,68.0,3.0,0.0
31.0,3900.0,0.0,0.0,2.0,24.0,74.0,0.0,0.0
31.25,3875.0,0.0,0.0,1.0,26.0,72.0,1.0,0.0
31.5,3850.0,0.0,0.0,2.0,25.0,72.0,1.0,0.0
31.75,3825.0,0.0,0.0,0.0,19.0,79.0,2.0,0.0
32.0,3800.0,0.0,0.0,1.0,14.000000000000002,82.0,3.0,0.0
32.25,3775.0,0.0,0.0,1.0,19.0,78.0,2.0,0.0
32.5,3750.0,0.0,0.0,1.0,11.0,87.0,1.0,0.0
32.75,3725.0,0.0,0.0,0.0,19.0,80.0,1.0,0.0
33.0,3700.0,0.0,0.0,1.0,17.0,81.0,1.0,0.0
33.25,3675.0,0.0,0.0,1.0,21.0,77.0,1.0,0.0
33.5,3650.0,0.0,0.0,2.0,18.0,78.0,2.0,0.0
33.75,3625.0,0.0,0.0,0.0,16.0,83.0,1.0,0.0
34.0,3600.0,0.0,0.0,0.0,13.0,86.0,1.0,0.0
34.25,3575.0,0.0,0.0,1.0,14.000000000000002,84.0,1.0,0.0
34.5,3550.0,0.0,0.0,0.0,19.0,79.0,2.0,0.0
34.75,3525.0,0.0,0.0,0.0,13.0,87.0,0.0,0.0
35.0,3500.0,0.0,0.0,1.0,12.0,86.0,1.0,0.0
35.25,3475.0,0.0,0.0,0.0,20.0,80.0,0.0,0.0
35.5,3450.0,0.0,0.0,0.0,16.0,83.0,1.0,0.0
35.75,3425.0,0.0,0.0,0.0,11.0,88.0,1.0,0.0
36.0,3400.0,0.0,0.0,0.0,15.0,85.0,0.0,0.0
36.25,3375.0,0.0,0.0,1.0,6.0,93.0,0.0,0.0
36.5,3350.0,0.0,0.0,0.0,24.0,75.0,1.0,0.0
36.75,3325.0,0.0,0.0,0.0,13.0,87.0,0.0,0.0
37.0,3300.0,0.0,0.0,0.0,6.0,94.0,0.0,0.0
37.25,3275.0,0.0,0.0,0.0,8.0,92.0,0.0,0.0
37.5,3250.0,0.0,0.0,1.0,10.0,89.0,0.0,0.0
37.75,3225.0,0.0,0.0,0.0,11.0,89.0,0.0,0.0
38.0,3200.0,0.0,0.0,0.0,4.0,96.0,0.0,0.0
38.25,3175.0,0.0,0.0,0.0,8.0,91.0,1.0,0.0
38.5,3150.0,0.0,0.0,0.0,10.0,89.0,1.0,0.0
38.75,3125.0,0.0,0.0,0.0,8.0,92.0,0.0,0.0
39.0,3100.0,0.0,0.0,0.0,12.0,87.0,1.0,0.0
39.25,3075.0,0.0,0.0,0.0,10.0,90.0,0.0,0.0
39.5,3050.0,0.0,0.0,0.0,9.0,91.0,0.0,0.0
39.75,3025.0,0.0,0.0,0.0,13.0,87.0,0.0,0.0
40.0,3000.0,0.0,0.0,0.0,8.0,92.0,0.0,0.0
40.25,2975.0,0.0,0.0,1.0,9.0,89.0,1.0,0.0
40.5,2950.0,0.0,0.0,0.0,13.0,87.0,0.0,0.0
40.75,2925.0,0.0,0.0,0.0,9.0,90.0,1.0,0.0
41.0,2900.0,0.0,0.0,0.0,9.0,91.0,0.0,0.0
41.25,2875.0,0.0,0.0,0.0,8.0,92.0,0.0,0.0
41.5,2850.0,0.0,0.0,0.0,9.0,89.0,2.0,0.0
41.75,2825.0,0.0,0.0,0.0,9.0,90.0,1.0,0.0
42.0,2800.0,0.0,0.0,0.0,8.0,92.0,0.0,0.0
42.25,2775.0,0.0,0.0,0.0,8.0,92.0,0.0,0.0
42.5,2750.0,0.0,0.0,1.0,6.0,93.0,0.0,0.0
42.75,2725.0,0.0,0.0,0.0,4.0,96.0,0.0,0.0
43.0,2700.0,0.0,0.0,0.0,4.0,95.0,1.0,0.0
43.25,2675.0,0.0,0.0,0.0,5.0,94.0,1.0,0.0
43.5,2650.0,0.0,0.0,0.0,6.0,94.0,0.0,0.0
43.75,2625.0,0.0,0.0,0.0,2.0,98.0,0.0,0.0
44.0,2600.0,0.0,0.0,0.0,5.0,95.0,0.0,0.0
44.25,2575.0,0.0,0.0,0.0,4.0,96.0,0.0,0.0
44.5,2550.0,0.0,0.0,0.0,2.0,98.0,0.0,0.0
44.75,2525.0,0.0,0.0,0.0,4.0,96.0,0.0,0.0
45.0,2500.0,0.0,0.0,0.0,4.0,96.0,0.0,0.0
45.25,2475.0,0.0,0.0,0.0,5.0,95.0,0.0,0.0
45.5,2450.0,0.0,0.0,0.0,5.0,95.0,0.0,0.0
45.75,2425.0,0.0,0.0,0.0,2.0,98.0,0.0,0.0
46.0,2400.0,0.0,0.0,0.0,3.0,97.0,0.0,0.0
46.25,2375.0,0.0,0.0,0.0,5.0,94.0,1.0,0.0
46.5,2350.0,0.0,0.0,0.0,2.0,97.0,1.0,0.0
46.75,2325.0,0.0,0.0,0.0,3.0,97.0,0.0,0.0
47.0,2300.0,0.0,0.0,0.0,1.0,99.0,0.0,0.0
47.25,2275.0,0.0,0.0,0.0,1.0,99.0,0.0,0.0
47.5,2250.0,0.0,0.0,0.0,3.0,97.0,0.0,0.0
47.75,2225.0,0.0,0.0,0.0,0.0,100.0,0.0,0.0
48.0,2200.0,0.0,0.0,0.0,1.0,99.0,0.0,0.0
48.25,2175.0,0.0,0.0,0.0,1.0,99.0,0.0,0.0
48.5,2150.0,0.0,0.0,0.0,0.0,100.0,0.0,0.0
48.75,2125.0,0.0,0.0,0.0,0.0,99.0,1.0,0.0
49.0,2100.0,0.0,0.0,0.0,0.0,100.0,0.0,0.0
49.25,2075.0,0.0,0.0,0.0,1.0,99.0,0.0,0.0
49.5,2050.0,0.0,0.0,0.0,1.0,99.0,0.0,0.0
49.75,2025.0,0.0,0.0,0.0,2.0,98.0,0.0,0.0
50.0,2000.0,0.0,0.0,0.0,1.0,99.0,0.0,0.0
50.25,1975.0,0.0,0.0,0.0,3.0,97.0,0.0,0.0
50.5,1950.0,0.0,0.0,0.0,1.0,99.0,0.0,0.0
50.75,1925.0,0.0,0.0,0.0,2.0,98.0,0.0,0.0
51.0,1900.0,0.0,0.0,0.0,0.0,100.0,0.0,0.0
51.25,1875.0,0.0,0.0,0.0,1.0,99.0,0.0,0.0
51.5,1850.0,0.0,0.0,0.0,1.0,99.0,0.0,0.0
51.75,1825.0,0.0,0.0,0.0,1.0,99.0,0.0,0.0
52.0,1800.0,0.0,0.0,0.0,0.0,100.0,0.0,0.0
52.25,1775.0,0.0,0.0,0.0,1.0,99.0,0.0,0.0
52.5,1750.0,0.0,0.0,0.0,1.0,99.0,0.0,0.0
52.75,1725.0,0.0,0.0,0.0,0.0,100.0,0.0,0.0
53.0,1700.0,0.0,0.0,0.0,0.0,100.0,0.0,0.0
53.25,1675.0,0.0,0.0,0.0,0.0,100.0,0.0,0.0
53.5,1650.0,0.0,0.0,0.0,0.0,100.0,0.0,0.0
53.75,1625.0,0.0,0.0,0.0,0.0,100.0,0.0,0.0
54.0,1600.0,0.0,0.0,0.0,0.0,100.0,0.0,0.0
54.25,1575.0,0.0,0.0,0.0,0.0,100.0,0.0,0.0
54.5,1550.0,0.0,0.0,0.0,1.0,99.0,0.0,0.0
54.75,1525.0,0.0,0.0,0.0,0.0,100.0,0.0,0.0
55.0,1500.0,0.0,0.0,0.0,0.0,100.0,0.0,0.0
55.25,1475.0,0.0,0.0,0.0,0.0,100.0,0.0,0.0
55.5,1450.0,0.0,0.0,0.0,1.0,99.0,0.0,0.0
55.75,1425.0,0.0,0.0,0.0,0.0,100.0,0.0,0.0
56.0,1400.0,0.0,0.0,0.0,0.0,100.0,0.0,0.0
56.25,1375.0,0.0,0.0,0.0,0.0,100.0,0.0,0.0
56.5,1350.0,0.0,0.0,0.0,0.0,100.0,0.0,0.0
56.75,1325.0,0.0,0.0,0.0,0.0,100.0,0.0,0.0
57.0,1300.0,0.0,0.0,0.0,0.0,100.0,0.0,0.0
57.25,1275.0,0.0,0.0,0.0,0.0,100.0,0.0,0.0
57.5,1250.0,0.0,0.0,0.0,0.0,100.0,0.0,0.0
57.75,1225.0,0.0,0.0,0.0,0.0,100.0,0.0,0.0
58.0,1200.0,0.0,0.0,0.0,0.0,100.0,0.0,0.0
58.25,1175.0,0.0,0.0,0.0,0.0,100.0,0.0,0.0
58.5,1150.0,0.0,0.0,0.0,0.0,100.0,0.0,0.0
58.75,1125.0,0.0,0.0,0.0,0.0,100.0,0.0,0.0
59.0,1100.0,0.0,0.0,0.0,0.0,100.0,0.0,0.0
59.25,1075.0,0.0,0.0,0.0,0.0,100.0,0.0,0.0
59.5,1050.0,0.0,0.0,0.0,0.0,100.0,0.0,0.0
59.75,1025.0,0.0,0.0,0.0,0.0,100.0,0.0,0.0
60.0,1000.0,0.0,0.0,0.0,0.0,100.0,0.0,0.0
60.25,975.0,0.0,0.0,0.0,0.0,100.0,0.0,0.0
60.5,950.0,0.0,0.0,0.0,0.0,100.0,0.0,0.0
60.75,925.0,0.0,0.0,0.0,0.0,100.0,0.0,0.0
61.0,900.0,0.0,0.0,0.0,0.0,100.0,0.0,0.0
61.25,875.0,0.0,0.0,0.0,0.0,100.0,0.0,0.0
61.5,850.0,0.0,0.0,0.0,0.0,100.0,0.0,0.0
61.75,825.0,0.0,0.0,0.0,0.0,100.0,0.0,0.0
62.0,800.0,0.0,0.0,0.0,0.0,100.0,0.0,0.0
62.25,775.0,0.0,0.0,0.0,0.0,100.0,0.0,0.0
62.5,750.0,0.0,0.0,0.0,0.0,100.0,0.0,0.0
62.75,725.0,0.0,0.0,0.0,0.0,100.0,0.0,0.0
63.0,700.0,0.0,0.0,0.0,0.0,100.0,0.0,0.0
63.25,675.0,0.0,0.0,0.0,0.0,100.0,0.0,0.0
63.5,650.0,0.0,0.0,0.0,0.0,100.0,0.0,0.0
63.75,625.0,0.0,0.0,0.0,0.0,100.0,0.0,0.0
64.0,600.0,0.0,0.0,0.0,0.0,100.0,0.0,0.0
64.25,575.0,0.0,0.0,0.0,0.0,100.0,0.0,0.0
64.5,550.0,0.0,0.0,0.0,0.0,100.0,0.0,0.0
64.75,525.0,0.0,0.0,0.0,0.0,100.0,0.0,0.0
65.0,500.0,0.0,0.0,0.0,0.0,100.0,0.0,0.0
65.25,475.0,0.0,0.0,0.0,0.0,100.0,0.0,0.0
65.5,450.0,0.0,0.0,0.0,0.0,100.0,0.0,0.0
65.75,425.0,0.0,0.0,0.0,0.0,100.0,0.0,0.0
66.0,400.0,0.0,0.0,0.0,0.0,100.0,0.0,0.0
66.25,375.0,0.0,0.0,0.0,0.0,100.0,0.0,0.0
66.5,350.0,0.0,0.0,0.0,0.0,100.0,0.0,0.0
66.75,325.0,0.0,0.0,0.0,0.0,100.0,0.0,0.0
67.0,300.0,0.0,0.0,0.0,0.0,100.0,0.0,0.0
67.25,300.0,0.0,0.0,0.0,0.0,100.0,0.0,0.0
67.5,300.0,0.0,0.0,0.0,0.0,100.0,0.0,0.0
67.75,300.0,0.0,0.0,0.0,0.0,100.0,0.0,0.0
68.0,300.0,0.0,0.0,0.0,0.0,100.0,0.0,0.0
68.25,300.0,0.0,0.0,0.0,0.0,100.0,0.0,0.0
68.5,300.0,0.0,0.0,0.0,0.0,100.0,0.0,0.0
68.75,300.0,0.0,0.0,0.0,0.0,100.0,0.0,0.0
69.0,300.0,0.0,0.0,0.0,0.0,100.0,0.0,0.0
69.25,300.0,0.0,0.0,0.0,0.0,100.0,0.0,0.0
69.5,300.0,0.0,0.0,0.0,0.0,100.0,0.0,0.0
69.75,300.0,0.0,0.0,0.0,0.0,100.0,0.0,0.0
70.0,300.0,0.0,0.0,0.0,0.0,100.0,0.0,0.0
70.25,300.0,0.0,0.0,0.0,0.0,100.0,0.0,0.0
70.5,300.0,0.0,0.0,0.0,0.0,100.0,0.0,0.0
70.75,300.0,0.0,0.0,0.0,0.0,100.0,0.0,0.0
71.0,300.0,0.0,0.0,0.0,0.0,100.0,0.0,0.0
71.25,300.0,0.0,0.0,0.0,0.0,100.0,0.0,0.0
71.5,300.0,0.0,0.0,0.0,0.0,100.0,0.0,0.0
71.75,300.0,0.0,0.0,0.0,0.0,100.0,0.0,0.0
72.0,300.0,0.0,0.0,0.0,0.0,100.0,0.0,0.0
