step,t_ps,epot_eV_atom,T_K,fmax_eV_A
0,0.0,-7.818163248697917,284.7231661232546,3.841247081756592
50,0.05,-7.82204833984375,312.1954221753881,3.4574108123779297
100,0.1,-7.820528157552084,271.6355380355447,3.2753095626831055
150,0.15,-7.822163899739583,292.8991995946256,3.59627103805542
200,0.2,-7.825203450520833,290.3514139467303,3.506659746170044
250,0.25,-7.827860514322917,266.7973664629195,3.126354217529297
300,0.3,-7.823394368489583,297.14964361519094,3.656379222869873
350,0.35,-7.820703125,303.98030375398577,3.279942274093628
400,0.4,-7.820616048177083,299.74753995462635,3.4129638671875
450,0.45,-7.82090087890625,309.39252729235017,3.9738075733184814
500,0.5,-7.818649088541667,292.96651907530185,4.401629447937012
550,0.55,-7.8181640625,300.79240591453936,3.656914234161377
600,0.6,-7.820296223958334,319.8044125644756,4.497412204742432
650,0.65,-7.825179850260417,318.043698644964,3.4002432823181152
700,0.7,-7.822390950520833,301.29203448431645,4.367257118225098
750,0.75,-7.823738606770833,301.60646352008706,2.8103256225585938
800,0.8,-7.824716796875,314.9304582366682,3.3009653091430664
850,0.85,-7.82304931640625,284.13712989512067,3.1942055225372314
900,0.9,-7.82402099609375,308.8274098885965,3.3449695110321045
950,0.95,-7.820362141927084,310.2828433419784,3.3302206993103027
1000,1.0,-7.823145345052083,312.58644231985124,4.132806777954102
1050,1.05,-7.818384602864583,294.0072152814255,3.535463809967041
1100,1.1,-7.819959309895833,324.13384498607354,3.4038002490997314
1150,1.15,-7.8206388346354165,325.0439472300455,4.090029716491699
1200,1.2,-7.82126708984375,304.15492434819987,4.097310543060303
1250,1.25,-7.819546712239584,286.33522855137954,3.861264705657959
1300,1.3,-7.8225105794270835,314.158515249778,3.7549052238464355
1350,1.35,-7.8220003255208335,295.6266174735986,3.0365993976593018
1400,1.4,-7.821875,275.31780397557833,3.870784282684326
1450,1.45,-7.8214501953125,307.18357044173507,3.70479154586792
1500,1.5,-7.8231583658854165,323.07336990273393,3.556236505508423
1550,1.55,-7.82115478515625,325.4928225588033,3.2239115238189697
1600,1.6,-7.818773600260417,296.66261046007367,3.5804333686828613
1650,1.65,-7.81890380859375,298.80750816067103,3.8179941177368164
1700,1.7,-7.8231689453125,336.33467653920513,4.087738990783691
1750,1.75,-7.8216455078125,297.65346929567005,3.2561264038085938
1800,1.8,-7.820985514322917,301.77149924409235,3.764516830444336
1850,1.85,-7.822430013020833,302.9621317700823,4.144571304321289
1900,1.9,-7.821151529947917,293.8084956765173,3.818223476409912
1950,1.95,-7.822840983072917,330.49766868945727,3.26566219329834
2000,2.0,-7.82307373046875,303.8747296447392,3.600572109222412
2050,2.05,-7.82361083984375,300.1139705933502,3.02081298828125
2100,2.1,-7.821884765625,301.51708797669954,3.2043662071228027
2150,2.15,-7.81837890625,305.2902518323393,4.01060676574707
2200,2.2,-7.822091471354167,295.1817154559637,3.91129994392395
2250,2.25,-7.823295084635417,297.003642122827,3.1953749656677246
2300,2.3,-7.823138834635417,303.70895482231947,3.437819480895996
2350,2.35,-7.8211572265625,308.15717450918874,3.8050286769866943
2400,2.4,-7.819093424479167,313.7349596653072,2.980003595352173
2450,2.45,-7.825205078125,307.76570961438415,3.3725337982177734
2500,2.5,-7.822779947916667,298.8333033785558,3.1393213272094727
2550,2.55,-7.8233251953125,311.9610838314741,3.2998294830322266
2600,2.6,-7.823323567708333,299.3782479164501,2.9027273654937744
2650,2.65,-7.8222509765625,293.3454410827862,3.729839324951172
2700,2.7,-7.822357584635417,297.89241854335125,3.3682785034179688
2750,2.75,-7.822054036458334,304.1945247258776,4.678274154663086
2800,2.8,-7.821265462239583,297.51955652632915,3.088870048522949
2850,2.85,-7.8226936848958335,294.8556284681186,3.5402584075927734
2900,2.9,-7.8201676432291665,295.80043772867145,3.723407745361328
2950,2.95,-7.82206787109375,330.31554355058137,3.0629448890686035
3000,3.0,-7.8207999674479165,289.7862059967554,2.942448139190674
3050,3.05,-7.820052083333334,298.9051722044667,3.468000888824463
3100,3.1,-7.821043294270833,300.9140330351576,3.9584336280822754
3150,3.15,-7.824676106770833,290.77418105483554,3.1325442790985107
3200,3.2,-7.82321533203125,277.0882052052781,3.6432268619537354
3250,3.25,-7.822450358072917,298.36190520836595,3.18830943107605
3300,3.3,-7.821416015625,311.39225745286194,4.443187713623047
3350,3.35,-7.8208235677083335,311.01408015890013,3.4296133518218994
3400,3.4,-7.823515625,326.4685596633478,3.955915927886963
3450,3.45,-7.821424153645833,295.77663941597353,3.9214253425598145
3500,3.5,-7.821298828125,287.9038894094059,3.7059884071350098
3550,3.55,-7.821582845052084,312.00667258914194,3.2674570083618164
3600,3.6,-7.822460123697916,312.91701125831753,3.5965681076049805
3650,3.65,-7.823271484375,331.2643374668955,2.973757743835449
3700,3.7,-7.8228955078125,295.6089086920139,3.5305776596069336
3750,3.75,-7.823197428385416,305.2085568266752,3.5936813354492188
3800,3.8,-7.824912109375,317.1877702555211,3.0540285110473633
3850,3.85,-7.82118408203125,304.39832441940047,4.00633430480957
3900,3.9,-7.822842610677084,322.79390622492764,3.4900271892547607
3950,3.95,-7.820323079427084,293.4569099719743,4.2388014793396
4000,4.0,-7.822994791666667,281.2529897480455,3.181915760040283
4050,4.05,-7.823055013020833,300.3337417192349,2.852292537689209
4100,4.1,-7.8200390625,279.2495062503057,3.042146682739258
4150,4.15,-7.822548828125,283.3185011723044,3.091139793395996
4200,4.2,-7.824658203125,284.83475965216246,3.2387771606445312
4250,4.25,-7.822279459635417,275.86784992827614,3.953996181488037
4300,4.3,-7.819013671875,277.41196230106834,3.7122063636779785
4350,4.35,-7.82331298828125,312.68370498760726,3.1081247329711914
4400,4.4,-7.819229329427083,298.79163936751956,3.958404541015625
4450,4.45,-7.8194588216145835,290.64764787413463,4.241693496704102
4500,4.5,-7.822432454427084,280.9022024579313,3.6845414638519287
4550,4.55,-7.8243180338541665,293.22109067547575,2.95013165473938
4600,4.6,-7.822473958333333,269.94164838108037,3.6663429737091064
4650,4.65,-7.82623291015625,281.3637056141907,3.412977457046509
4700,4.7,-7.82440673828125,257.00663752234766,3.210426092147827
4750,4.75,-7.8240755208333335,299.95510685126237,3.6348676681518555
4800,4.8,-7.820813802083333,309.0660936229647,3.491494655609131
4850,4.85,-7.821180826822917,281.20363258804196,3.6003808975219727
4900,4.9,-7.822684733072917,280.06172420334786,3.6688318252563477
4950,4.95,-7.8222884114583335,284.1186546007859,3.979637861251831
5000,5.0,-7.820462239583334,277.06038699998436,3.919851303100586
5050,5.05,-7.820238444010417,305.438254704912,3.477755069732666
5100,5.1,-7.822923177083333,313.0543491689352,3.978698968887329
5150,5.15,-7.818477376302083,303.69074030064525,3.5063633918762207
5200,5.2,-7.81968017578125,309.32409302695515,3.264085292816162
5250,5.25,-7.820400390625,320.96313329648683,4.266495704650879
5300,5.3,-7.818385416666667,331.34067016303965,3.619044303894043
5350,5.35,-7.81784423828125,331.07927506814946,5.738717079162598
5400,5.4,-7.818544921875,305.6298386885194,3.890225887298584
5450,5.45,-7.819195149739583,302.3643982758895,4.009298324584961
5500,5.5,-7.818890787760417,279.3730362596197,5.109436511993408
5550,5.55,-7.8221223958333335,293.3115119619774,4.481070518493652
5600,5.6,-7.821603190104167,277.3233389642717,3.476840019226074
5650,5.65,-7.82309814453125,266.8768183524704,4.117409706115723
5700,5.7,-7.826200358072916,298.2508226075682,3.2670931816101074
5750,5.75,-7.824412434895834,286.86664788607135,3.9890284538269043
5800,5.8,-7.824085286458334,299.20836506857216,4.268771171569824
5850,5.85,-7.8208935546875,286.7782417574917,3.7431247234344482
5900,5.9,-7.82549072265625,314.07328736015137,3.4689183235168457
5950,5.95,-7.822813313802083,298.6147720173493,2.8785462379455566
6000,6.0,-7.822683919270833,291.6784515709112,3.223435163497925
6050,6.05,-7.822626953125,306.71243535408325,2.8759381771087646
6100,6.1,-7.821607259114583,306.8356494117784,4.259096145629883
6150,6.15,-7.824175618489583,311.5954879114203,4.22952938079834
6200,6.2,-7.819520670572917,312.99535938354103,3.518915891647339
6250,6.25,-7.81654052734375,306.7723780106573,3.326995849609375
6300,6.3,-7.8228751627604165,316.9473698254695,3.428834915161133
6350,6.35,-7.8214892578125,322.05932173805945,4.224842071533203
6400,6.4,-7.82099853515625,312.3343914609049,4.316404342651367
6450,6.45,-7.818797200520834,313.91517390476645,3.6805591583251953
6500,6.5,-7.8207185872395835,314.1921051497935,3.430436611175537
6550,6.55,-7.8188037109375,322.3481956280341,3.614413022994995
6600,6.6,-7.821669921875,296.0570269366989,3.57241153717041
6650,6.65,-7.81987060546875,296.3647897503118,3.3147597312927246
6700,6.7,-7.821903483072917,325.55824565394755,3.8911690711975098
6750,6.75,-7.821468912760417,283.4650366819183,3.7320218086242676
6800,6.8,-7.82132568359375,299.74845439803465,3.204289674758911
6850,6.85,-7.823959147135417,302.039107128026,3.8215813636779785
6900,6.9,-7.822476399739584,327.20731305689714,3.1114742755889893
6950,6.95,-7.819905598958333,284.7929479654653,4.950919151306152
7000,7.0,-7.820450846354166,293.927692544348,3.5643863677978516
7050,7.05,-7.823958333333334,321.86649248986805,3.099991798400879
7100,7.1,-7.8228157552083335,274.74121610459474,2.83988094329834
7150,7.15,-7.8250537109375,287.0433285744611,3.5338659286499023
7200,7.2,-7.822884928385417,292.0946172584106,2.9083683490753174
7250,7.25,-7.821749674479166,281.9632574740089,3.2647738456726074
7300,7.3,-7.8225634765625,280.6427380923429,3.383988857269287
7350,7.35,-7.824754231770833,304.7393290521799,3.3865036964416504
7400,7.4,-7.821931966145834,311.58621548659994,3.3587424755096436
7450,7.45,-7.822578938802083,295.90008087371666,3.963263988494873
7500,7.5,-7.822552897135417,304.51298604777895,3.1463623046875
7550,7.55,-7.826097819010417,297.4238781276068,3.4941344261169434
7600,7.6,-7.821923014322917,267.562339815471,4.284881114959717
7650,7.65,-7.826300455729167,293.0714641177622,3.016291618347168
7700,7.7,-7.823131510416666,288.72956566093336,3.626971483230591
7750,7.75,-7.82600341796875,284.74496780435794,3.2069621086120605
7800,7.8,-7.822499186197916,273.51676507338743,3.6678264141082764
7850,7.85,-7.823321940104167,290.26087365393926,3.6522977352142334
7900,7.9,-7.8248681640625,299.24687405701707,3.2539315223693848
7950,7.95,-7.822796223958333,271.8660804628535,3.686239719390869
8000,8.0,-7.822295735677083,293.6468406199488,3.0217673778533936
8050,8.05,-7.820193684895833,309.2937985038397,3.5639896392822266
8100,8.1,-7.819363606770834,297.8254246141635,3.3980517387390137
8150,8.15,-7.821525065104167,328.1392344501963,3.4356865882873535
8200,8.2,-7.821727701822916,281.9793658558557,4.095122337341309
8250,8.25,-7.819010416666667,282.2780648870119,3.302273988723755
8300,8.3,-7.821256510416666,281.6430910864782,3.101411819458008
8350,8.35,-7.820489908854166,291.14014315095216,3.5158190727233887
8400,8.4,-7.821923828125,303.18305818570406,3.299861431121826
8450,8.45,-7.8246484375,313.3323716348981,3.1942930221557617
8500,8.5,-7.82163330078125,303.148185404226,3.1507792472839355
8550,8.55,-7.819999186197917,292.2873755452821,3.125401020050049
8600,8.6,-7.82330322265625,332.4270191847374,3.3908703327178955
8650,8.65,-7.8224169921875,303.89557261908163,3.7053444385528564
8700,8.7,-7.82353515625,320.9313690005942,3.562650680541992
8750,8.75,-7.82118408203125,287.44546095332527,3.5621891021728516
8800,8.8,-7.82157470703125,286.68871698282106,3.8081002235412598
8850,8.85,-7.819693196614583,271.0911976963205,3.6492867469787598
8900,8.9,-7.818603515625,280.73886786826927,3.6848320960998535
8950,8.95,-7.823560384114583,301.07145516873425,3.5316567420959473
9000,9.0,-7.821927083333334,295.021295134221,3.4378371238708496
9050,9.05,-7.825347493489583,318.69300617621866,2.755722999572754
9100,9.1,-7.822627766927083,302.65092951170544,3.538787603378296
9150,9.15,-7.818877766927083,307.8778983208003,3.080784797668457
9200,9.2,-7.820039876302084,323.35517147461167,3.426095962524414
9250,9.25,-7.819376627604167,329.0013923935436,3.585763454437256
9300,9.3,-7.817493489583334,300.1984518765603,3.3927106857299805
9350,9.35,-7.82169189453125,321.4914665146703,3.3522586822509766
9400,9.4,-7.82199462890625,317.47484705534197,4.376319885253906
9450,9.45,-7.822118326822917,298.5864627607967,3.396895408630371
9500,9.5,-7.82494384765625,321.31872220483933,4.255382537841797
9550,9.55,-7.817335611979167,295.8742845208351,4.185682773590088
9600,9.6,-7.819443359375,314.25681911491307,3.1294071674346924
9650,9.65,-7.823370768229167,308.61340593256466,2.8314526081085205
9700,9.7,-7.82128662109375,284.449503847664,3.356192111968994
9750,9.75,-7.8234261067708335,294.72465861294825,3.038349151611328
9800,9.8,-7.824970703125,274.4214700420685,3.7362403869628906
9850,9.85,-7.823001302083333,275.7126425396409,3.8413777351379395
9900,9.9,-7.821181640625,293.84353539517605,3.43829345703125
9950,9.95,-7.82212890625,283.54083415469535,3.0784826278686523
10000,10.0,-7.8220426432291665,299.8003644801783,3.2465872764587402
10050,10.05,-7.8239453125,295.12466074050224,3.950526714324951
10100,10.1,-7.82330322265625,286.8832472488526,3.3386573791503906
10150,10.15,-7.82362060546875,310.43273639909745,3.401181697845459
10200,10.2,-7.82248779296875,307.4812896958397,4.3397979736328125
10250,10.25,-7.823246256510417,301.3407388771269,3.2280988693237305
10300,10.3,-7.824107259114584,320.4065004916713,3.3534367084503174
10350,10.35,-7.820978190104166,274.1854393218451,3.2182023525238037
10400,10.4,-7.822562662760417,294.7376011824213,3.649547576904297
10450,10.45,-7.820927734375,302.043669436189,3.9241859912872314
10500,10.5,-7.8181990559895835,312.9689462803627,3.667713165283203
10550,10.55,-7.816759440104167,304.19399773305975,2.930163860321045
10600,10.6,-7.8209847005208335,324.8618622144108,4.009224891662598
10650,10.65,-7.8223828125,312.12211552639843,3.412795066833496
10700,10.7,-7.822113444010417,303.2381241705216,3.4476327896118164
10750,10.75,-7.820148111979167,298.98351824415676,3.3316330909729004
10800,10.8,-7.820126139322917,301.3757587197562,4.255229473114014
10850,10.85,-7.81987060546875,319.92063798332003,2.8402745723724365
10900,10.9,-7.8191064453125,321.07671441499656,4.559540271759033
10950,10.95,-7.820938313802083,315.7880776558674,3.1267447471618652
11000,11.0,-7.817286783854167,305.58869156952903,3.7068114280700684
11050,11.05,-7.81690673828125,301.1644434613982,4.322389602661133
11100,11.1,-7.817840169270833,297.490459276147,3.1604247093200684
11150,11.15,-7.822316080729166,326.9755275356103,3.2912747859954834
11200,11.2,-7.821497395833333,326.2556574398243,3.3068721294403076
11250,11.25,-7.8179248046875,310.179609463633,3.7101287841796875
11300,11.3,-7.8205224609375,319.8122189286139,4.8102192878723145
11350,11.35,-7.819681803385417,294.4284277736738,3.171389102935791
11400,11.4,-7.821886393229167,317.08067217576007,3.638263702392578
11450,11.45,-7.82175048828125,294.3179223184946,3.4767842292785645
11500,11.5,-7.819827473958333,292.938285542671,4.306118965148926
11550,11.55,-7.8224088541666665,319.67508618027796,3.5889716148376465
11600,11.6,-7.82241455078125,303.32882583399555,3.7351503372192383
11650,11.65,-7.824725748697917,308.1045024263592,3.259876251220703
11700,11.7,-7.82238037109375,291.30028603351917,3.6628379821777344
11750,11.75,-7.823428548177083,302.22232328412133,4.513383388519287
11800,11.8,-7.82066162109375,285.5499184321075,3.044081926345825
11850,11.85,-7.822290852864583,295.57968115934506,3.3967018127441406
11900,11.9,-7.817721354166666,300.3576908699038,3.5936665534973145
11950,11.95,-7.818910319010417,306.0660859722546,3.8979859352111816
12000,12.0,-7.82107666015625,310.96126656181286,3.5642848014831543
12050,12.05,-7.821194661458334,310.4976514223632,3.5318689346313477
12100,12.1,-7.820376790364583,302.65507635732513,3.4356980323791504
12150,12.15,-7.819676106770833,277.4349953619258,3.597700595855713
12200,12.2,-7.822539876302083,299.3992714867719,3.4264659881591797
12250,12.25,-7.821720377604167,291.4900177344811,3.662372589111328
12300,12.3,-7.8215673828125,273.3521374944561,3.0620779991149902
12350,12.35,-7.82132080078125,294.8413952382275,3.77345871925354
12400,12.4,-7.8218782552083335,298.99562681989204,4.089321136474609
12450,12.45,-7.8234228515625,318.92733328956746,3.2525386810302734
12500,12.5,-7.822734375,304.3102900684339,4.003658771514893
12550,12.55,-7.8203857421875,298.42422976511193,3.58068585395813
12600,12.6,-7.820567220052084,288.0044698175313,3.855959892272949
12650,12.65,-7.819073893229167,283.85221249207234,3.883495330810547
12700,12.7,-7.820755208333333,299.44467203920715,4.013860702514648
12750,12.75,-7.823897298177084,278.80575389108094,3.1742539405822754
12800,12.8,-7.825196940104167,263.909922206817,3.4836807250976562
12850,12.85,-7.824957682291667,297.8747383281376,3.7549915313720703
12900,12.9,-7.8223486328125,279.36287829970615,3.8442633152008057
12950,12.95,-7.824269205729166,301.99412748182124,3.2947847843170166
13000,13.0,-7.821893717447916,292.8497695758746,3.367009162902832
13050,13.05,-7.825450846354166,294.2059227937484,2.9202330112457275
13100,13.1,-7.824497884114583,291.2564051901993,3.405735492706299
13150,13.15,-7.823594563802083,285.66512885305735,3.443480968475342
13200,13.2,-7.825015462239583,308.5899867095987,3.563509225845337
13250,13.25,-7.821202799479167,270.4128983698684,3.2909839153289795
13300,13.3,-7.8207275390625,270.8551982078933,2.978821039199829
13350,13.35,-7.822347005208333,314.064409890586,3.5989909172058105
13400,13.4,-7.81889892578125,289.50147115387983,3.0568580627441406
13450,13.45,-7.821422526041666,306.99043813698177,3.504375457763672
13500,13.5,-7.823211263020833,304.40615481805634,4.352766990661621
13550,13.55,-7.821884765625,312.20608317945056,3.6407408714294434
13600,13.6,-7.823706868489583,318.71354175757307,3.1922249794006348
13650,13.65,-7.823408203125,308.45436660264517,3.1771037578582764
13700,13.7,-7.822862141927083,281.7276399660233,3.2194058895111084
13750,13.75,-7.821914876302083,284.22453693112476,3.673405647277832
13800,13.8,-7.822769368489583,304.171209006955,4.084113121032715
13850,13.85,-7.823321940104167,321.51732334598734,3.530223846435547
13900,13.9,-7.826502278645833,304.293896200697,3.2208945751190186
13950,13.95,-7.825962727864583,324.72196846114826,3.976016044616699
14000,14.0,-7.8223494466145835,328.7996698217049,3.265028715133667
14050,14.05,-7.820804850260417,320.35708853253243,3.069310188293457
14100,14.1,-7.822588704427083,317.04983591653036,3.3919270038604736
14150,14.15,-7.823528645833333,307.9504667449475,4.16276741027832
14200,14.2,-7.824235026041666,293.06715983068347,3.973095417022705
14250,14.25,-7.8256608072916665,309.76826723997925,3.021881580352783
14300,14.3,-7.825266927083334,289.69474418932367,3.4626352787017822
14350,14.35,-7.82565185546875,292.1712324031697,3.779420852661133
14400,14.4,-7.82325439453125,285.0778945134619,3.2332651615142822
14450,14.45,-7.825762532552083,325.1695072141102,3.1250486373901367
14500,14.5,-7.82407470703125,306.81105315813784,3.1072845458984375
14550,14.55,-7.822268880208333,309.8389837298099,3.0863499641418457
14600,14.6,-7.822398274739584,308.0707873814209,3.4816532135009766
14650,14.65,-7.820752766927083,299.54123835614865,3.0312347412109375
14700,14.7,-7.8200537109375,320.0041539161787,3.5125837326049805
14750,14.75,-7.8228466796875,294.76572575808865,3.597133159637451
14800,14.8,-7.824442545572917,289.03022986515265,3.2522330284118652
14850,14.85,-7.823606770833333,288.8449073674142,3.2949600219726562
14900,14.9,-7.823740234375,308.14189273598646,3.5793933868408203
14950,14.95,-7.822600911458333,307.61717935906324,3.3871212005615234
15000,15.0,-7.824325358072917,300.07253500494903,3.9064342975616455
15050,15.05,-7.821226399739583,299.0135137933625,3.3163294792175293
15100,15.1,-7.8197859700520835,288.9761712909201,3.995171308517456
15150,15.15,-7.820033365885417,298.74847370164366,3.2786881923675537
15200,15.2,-7.82283447265625,294.0339717991435,3.611520767211914
15250,15.25,-7.8224479166666665,275.41737943831777,3.0400619506835938
15300,15.3,-7.822822265625,299.06527042809466,3.7026562690734863
15350,15.35,-7.8217431640625,285.5165176049729,3.3764820098876953
15400,15.4,-7.824324544270834,287.8355134384372,3.877932548522949
15450,15.45,-7.825098470052083,280.83337325080765,3.457494020462036
15500,15.5,-7.824931640625,306.60670470514845,3.235053539276123
15550,15.55,-7.821375325520833,297.9678116209556,3.3330535888671875
15600,15.6,-7.820738118489583,287.3686537325607,3.4880518913269043
15650,15.65,-7.8227530924479165,301.44497735131887,2.925259590148926
15700,15.7,-7.820575358072917,284.3967764477891,3.4288883209228516
15750,15.75,-7.8234651692708335,306.7995949154802,3.0816094875335693
15800,15.8,-7.822784830729167,278.8250556078016,3.593599557876587
15850,15.85,-7.822554524739584,266.5090123164552,3.280754804611206
15900,15.9,-7.824488932291667,286.19915116462727,3.6656136512756348
15950,15.95,-7.8231396484375,308.19148575599496,3.691192626953125
16000,16.0,-7.823460286458333,331.95453638774705,3.6418073177337646
16050,16.05,-7.8183585611979165,319.16391265660644,3.294443130493164
16100,16.1,-7.82050048828125,292.9875762863904,3.3077034950256348
16150,16.15,-7.820604654947917,289.95891660442817,3.434563159942627
16200,16.2,-7.822472330729167,296.6572982878869,3.836860179901123
16250,16.25,-7.821366373697916,307.79600041005693,3.366938829421997
16300,16.3,-7.82226806640625,303.93516871779565,3.541858196258545
16350,16.35,-7.820674641927083,294.5766563522571,3.217581272125244
16400,16.4,-7.820974934895833,291.1777444597311,3.343949317932129
16450,16.45,-7.8208203125,292.03397282741275,3.066938877105713
16500,16.5,-7.823479817708333,318.40052766131237,3.3374581336975098
16550,16.55,-7.8208740234375,286.43752883410957,3.446007251739502
16600,16.6,-7.823238118489583,293.73604209911105,3.524179697036743
16650,16.65,-7.822820638020834,277.71348121958414,4.139369964599609
16700,16.7,-7.819027506510417,290.0394187803231,3.449838161468506
16750,16.75,-7.8226220703125,284.07258285135003,3.2288708686828613
16800,16.8,-7.8216796875,316.8359673089875,3.612112045288086
16850,16.85,-7.81871826171875,314.6604793893991,3.659512996673584
16900,16.9,-7.822210286458334,315.9040989897539,4.348331451416016
16950,16.95,-7.82012939453125,318.4575523611671,3.9945263862609863
17000,17.0,-7.821142578125,324.48083571806234,3.763774871826172
17050,17.05,-7.824662272135416,328.50464246588854,3.508713722229004
17100,17.1,-7.822867024739583,280.1306491518154,4.663064479827881
17150,17.15,-7.82458251953125,301.1400458561528,3.969425916671753
17200,17.2,-7.821073404947916,274.7534455690563,4.471917152404785
17250,17.25,-7.82191650390625,284.0049798968987,4.081910610198975
17300,17.3,-7.820928548177084,296.5128635086064,3.4713048934936523
17350,17.35,-7.82267333984375,286.9683103270976,3.583911418914795
17400,17.4,-7.821732584635416,286.65246738233844,3.4980897903442383
17450,17.45,-7.821765950520834,311.77190027519316,4.070898056030273
17500,17.5,-7.822962239583333,313.0750025696652,3.365699291229248
17550,17.55,-7.822527669270833,289.6402858099571,3.4144487380981445
17600,17.6,-7.821880696614583,294.06021105565355,3.276456356048584
17650,17.65,-7.82183837890625,293.0426097452367,3.162344455718994
17700,17.7,-7.821599934895834,302.7459691215259,3.545043468475342
17750,17.75,-7.825071614583333,335.4881179430515,3.629791259765625
17800,17.8,-7.819776204427083,307.0413575719139,3.3422555923461914
17850,17.85,-7.821697591145833,308.4831956063735,3.65759539604187
17900,17.9,-7.822508138020833,298.3852604224539,3.4113502502441406
17950,17.95,-7.823260091145833,288.2162372524054,3.135892391204834
18000,18.0,-7.823423665364583,306.4930002072973,3.807626724243164
18050,18.05,-7.82162109375,290.3653795877865,4.251580238342285
18100,18.1,-7.821309407552083,261.32075212979703,3.9952526092529297
18150,18.15,-7.82297607421875,283.02259771356063,3.8586554527282715
18200,18.2,-7.82214599609375,327.91290169087654,3.415943145751953
18250,18.25,-7.822111002604166,310.05158040034206,3.238898754119873
18300,18.3,-7.82452880859375,307.13512741025795,3.2798991203308105
18350,18.35,-7.823589680989583,307.46298272609346,3.3213653564453125
18400,18.4,-7.819535319010416,292.17537283303767,4.016256332397461
18450,18.45,-7.82233642578125,314.10670726006725,4.054254055023193
18500,18.5,-7.818590494791667,292.9269620183198,4.199470520019531
18550,18.55,-7.8195182291666665,276.4669956005491,3.5366129875183105
18600,18.6,-7.8202897135416665,289.34950144927603,4.252204895019531
18650,18.65,-7.82111328125,287.2368836986712,3.233001232147217
18700,18.7,-7.822552083333333,289.4156582781919,4.438099384307861
18750,18.75,-7.82125732421875,292.119601844006,3.400529146194458
18800,18.8,-7.824324544270834,290.5981984379593,3.585268974304199
18850,18.85,-7.8234130859375,269.2056927845278,3.247136354446411
18900,18.9,-7.82279296875,308.838478642506,3.1253113746643066
18950,18.95,-7.821665852864584,294.113941028978,3.225984573364258
19000,19.0,-7.821254069010417,301.57759818210656,3.972024440765381
19050,19.05,-7.81947265625,299.71844966057705,3.23429799079895
19100,19.1,-7.821463216145833,269.6395088844017,3.9975500106811523
19150,19.15,-7.825887044270833,313.1830393944196,3.784510850906372
19200,19.2,-7.823793131510417,294.9887142353741,4.011017322540283
19250,19.25,-7.822603352864584,301.18256461482497,3.6993706226348877
19300,19.3,-7.822588704427083,303.7733394269789,3.246668815612793
19350,19.35,-7.82201171875,287.81596700705575,3.4981861114501953
19400,19.4,-7.823173014322917,304.06034669970086,3.4345853328704834
19450,19.45,-7.8240738932291665,305.19805904048366,2.852780342102051
19500,19.5,-7.8226529947916665,311.83553624748697,4.0511794090271
19550,19.55,-7.823246256510417,306.74392148834113,3.3051133155822754
19600,19.6,-7.8255403645833335,305.3488488153437,3.0966763496398926
19650,19.65,-7.824493001302083,295.0932458353202,3.747307062149048
19700,19.7,-7.820724283854167,304.9341925597291,4.198558807373047
19750,19.75,-7.82108642578125,308.3508491118799,3.3038082122802734
19800,19.8,-7.821942545572917,296.86451342200326,3.522317886352539
19850,19.85,-7.8219189453125,316.243562470179,2.9877443313598633
19900,19.9,-7.82202392578125,311.4805820158421,3.4308319091796875
19950,19.95,-7.818388671875,275.65816578045997,3.951718807220459
20000,20.0,-7.821795247395833,282.2729655438263,3.2434794902801514
