t_ps,T_set_K,spread_mean_eV_A,spread_p95_eV_A,spread_max_eV_A
0.0,5000.0,0.001405532006174326,0.002941997954621911,0.008437437936663628
0.5,5000.0,0.006957170087844133,0.01366027258336544,0.019462328404188156
1.0,5000.0,0.009575553238391876,0.0181658323854208,0.028383420780301094
1.5,5000.0,0.008258139714598656,0.01753893867135048,0.02936183288693428
2.0,5000.0,0.009806215763092041,0.019182026386260986,0.04033450409770012
2.5,5000.0,0.011476336978375912,0.02481396310031414,0.041857533156871796
3.0,5000.0,0.009718653745949268,0.020157581195235252,0.026416998356580734
3.5,5000.0,0.010796379297971725,0.02011922374367714,0.03322459012269974
4.0,5000.0,0.01099893357604742,0.021466996520757675,0.034117937088012695
4.5,5000.0,0.00989426951855421,0.020552774891257286,0.04183953255414963
5.0,5000.0,0.010690383613109589,0.02396613545715809,0.03767116367816925
5.5,5000.0,0.009284867905080318,0.017552312463521957,0.030454879626631737
6.0,5000.0,0.011065253987908363,0.02081059291958809,0.07199259102344513
6.5,5000.0,0.010664406232535839,0.020176326856017113,0.04979119077324867
7.0,5000.0,0.010713547468185425,0.020112929865717888,0.04623072221875191
7.5,5000.0,0.010524081066250801,0.02114625833928585,0.047728531062603
8.0,5000.0,0.010638083331286907,0.018389852717518806,0.057758789509534836
8.5,5000.0,0.010603995993733406,0.02164633385837078,0.04575662314891815
9.0,5000.0,0.010663250461220741,0.020818661898374557,0.0716969296336174
9.5,5000.0,0.01097976602613926,0.02180849015712738,0.037904467433691025
10.0,5000.0,0.010886497795581818,0.021519754081964493,0.040793173015117645
10.5,5000.0,0.010203256271779537,0.019917473196983337,0.06505841761827469
11.0,5000.0,0.010559876449406147,0.021618299186229706,0.04445864260196686
11.5,5000.0,0.010944146662950516,0.02332044020295143,0.049709416925907135
12.0,5000.0,0.010960349813103676,0.02239695005118847,0.04021782428026199
12.5,5000.0,0.010323596186935902,0.020893225446343422,0.03387143835425377
13.0,5000.0,0.010188331827521324,0.020042769610881805,0.07110931724309921
13.5,5000.0,0.010906904004514217,0.022478634491562843,0.031422682106494904
14.0,5000.0,0.009988036006689072,0.018572721630334854,0.0397176630795002
14.5,5000.0,0.011580513790249825,0.022060835734009743,0.07307392358779907
15.0,5000.0,0.011011328548192978,0.023109477013349533,0.04325808957219124
15.5,5000.0,0.01105920597910881,0.020283864811062813,0.06806575506925583
16.0,5000.0,0.009224710054695606,0.017157716676592827,0.07031182944774628
16.5,5000.0,0.010265626013278961,0.021041307598352432,0.05081769824028015
17.0,5000.0,0.009646229445934296,0.019476689398288727,0.036959197372198105
17.5,5000.0,0.010305355302989483,0.02109181135892868,0.04527254030108452
18.0,5000.0,0.01151266135275364,0.022607553750276566,0.03251636400818825
18.5,5000.0,0.011745153926312923,0.024092772975564003,0.04731609672307968
19.0,5000.0,0.009537926875054836,0.018291953951120377,0.03427089378237724
19.5,5000.0,0.009722374379634857,0.01955527998507023,0.03298981487751007
20.0,5000.0,0.010181489400565624,0.021617386490106583,0.04515384882688522
20.5,4950.0,0.009833712130784988,0.020678052678704262,0.036228813230991364
21.0,4900.0,0.01143414806574583,0.024476461112499237,0.040414486080408096
21.5,4850.0,0.009693247266113758,0.018308818340301514,0.029126321896910667
22.0,4800.0,0.010048044845461845,0.020028823986649513,0.05575171485543251
22.5,4750.0,0.009423446841537952,0.01912793517112732,0.04752284288406372
23.0,4700.0,0.010223682969808578,0.019714677706360817,0.0377909317612648
23.5,4650.0,0.01015118695795536,0.019984060898423195,0.04162336513400078
24.0,4600.0,0.009972662664949894,0.020068060606718063,0.0419064499437809
24.5,4550.0,0.009555463679134846,0.018661558628082275,0.028726020827889442
25.0,4500.0,0.008970451541244984,0.015595020726323128,0.03353292495012283
25.5,4450.0,0.009095396846532822,0.01916602998971939,0.027288516983389854
26.0,4400.0,0.009935266338288784,0.019441552460193634,0.06933716684579849
26.5,4350.0,0.00805162824690342,0.01647118106484413,0.028036613017320633
27.0,4300.0,0.007097297348082066,0.013833122327923775,0.025699399411678314
27.5,4250.0,0.006495255045592785,0.013348747044801712,0.03323056176304817
28.0,4200.0,0.007052479777485132,0.013547936454415321,0.024671724066138268
28.5,4150.0,0.007135178428143263,0.013698134571313858,0.02963944710791111
29.0,4100.0,0.006364800967276096,0.011456108652055264,0.03679526224732399
29.5,4050.0,0.007825354114174843,0.016261141747236252,0.03580024093389511
30.0,4000.0,0.007325792219489813,0.014313562773168087,0.0336429625749588
30.5,3950.0,0.006348728202283382,0.012815665453672409,0.021023957058787346
31.0,3900.0,0.006112920586019754,0.013119797222316265,0.031726136803627014
31.5,3850.0,0.005735408049076796,0.011181827634572983,0.019296688959002495
32.0,3800.0,0.005423902068287134,0.010788246989250183,0.018694596365094185
32.5,3750.0,0.00564102316275239,0.010369768366217613,0.022504210472106934
33.0,3700.0,0.005722860340029001,0.01121227815747261,0.021149614825844765
33.5,3650.0,0.0065482682548463345,0.015012248419225216,0.02360736019909382
34.0,3600.0,0.006263421382755041,0.013278317637741566,0.02199101820588112
34.5,3550.0,0.005936893168836832,0.011761282570660114,0.02129059098660946
35.0,3500.0,0.004712175577878952,0.009848463349044323,0.014755278825759888
35.5,3450.0,0.005365297198295593,0.010149477981030941,0.021338310092687607
36.0,3400.0,0.0046162838116288185,0.009409124031662941,0.01660430058836937
36.5,3350.0,0.004213607404381037,0.00784898642450571,0.015505589544773102
37.0,3300.0,0.00514619704335928,0.009880444034934044,0.03467308729887009
37.5,3250.0,0.005207071080803871,0.009967326186597347,0.02116679772734642
38.0,3200.0,0.004130324814468622,0.007815724238753319,0.01879791170358658
38.5,3150.0,0.004321591462939978,0.008328795433044434,0.01434496883302927
39.0,3100.0,0.004148527048528194,0.007901676930487156,0.012309997342526913
39.5,3050.0,0.00413456279784441,0.00858748983591795,0.029874851927161217
40.0,3000.0,0.004169046878814697,0.007875076495110989,0.017148589715361595
40.5,2950.0,0.004427975509315729,0.008348288014531136,0.012756053358316422
41.0,2900.0,0.0039278240874409676,0.007256373763084412,0.012349093332886696
41.5,2850.0,0.004115295596420765,0.008074702695012093,0.01771417446434498
42.0,2800.0,0.0035636036191135645,0.006604835856705904,0.020834986120462418
42.5,2750.0,0.003556204726919532,0.006644725799560547,0.013954517431557178
43.0,2700.0,0.0035722553730010986,0.006959525402635336,0.010876638814806938
43.5,2650.0,0.0034203608520329,0.006481379270553589,0.011626113206148148
44.0,2600.0,0.003376818960532546,0.006443453021347523,0.012407622300088406
44.5,2550.0,0.0033710177522152662,0.006621242966502905,0.008879142813384533
45.0,2500.0,0.003673749743029475,0.007309647276997566,0.01078627910465002
45.5,2450.0,0.0033400317188352346,0.006629270501434803,0.020702477544546127
46.0,2400.0,0.0032223945017904043,0.0060821459628641605,0.015953147783875465
46.5,2350.0,0.003026201855391264,0.00550870131701231,0.009248344227671623
47.0,2300.0,0.002975503681227565,0.005710634868592024,0.011621765792369843
47.5,2250.0,0.0030285476241260767,0.005973835475742817,0.013993216678500175
48.0,2200.0,0.0027973433025181293,0.0050465879030525684,0.010819499380886555
48.5,2150.0,0.002710967790335417,0.005096470005810261,0.00955500453710556
49.0,2100.0,0.0029216138646006584,0.005639318376779556,0.01229736115783453
49.5,2050.0,0.0028882971964776516,0.005459083244204521,0.011889869347214699
50.0,2000.0,0.0027091929223388433,0.005091880448162556,0.008521119132637978
50.5,1950.0,0.0025378966238349676,0.004910045303404331,0.010569867677986622
51.0,1900.0,0.0026196904946118593,0.0057747336104512215,0.014552179723978043
51.5,1850.0,0.002286277711391449,0.004502376075834036,0.009628670290112495
52.0,1800.0,0.0026140380650758743,0.004956599324941635,0.012270527891814709
52.5,1750.0,0.002432508859783411,0.004658992402255535,0.007365526165813208
53.0,1700.0,0.0026193729136139154,0.005252820439636707,0.015420970506966114
53.5,1650.0,0.0022373199462890625,0.00450812978670001,0.011010600253939629
54.0,1600.0,0.002242647809907794,0.004373251926153898,0.009004469029605389
54.5,1550.0,0.002143017714843154,0.004235767759382725,0.009496286511421204
55.0,1500.0,0.0021538471337407827,0.004388708621263504,0.00884246826171875
55.5,1450.0,0.002218063920736313,0.004171830136328936,0.009717185981571674
56.0,1400.0,0.0022065485827624798,0.004180402494966984,0.013858538120985031
56.5,1350.0,0.0022630328312516212,0.004496890120208263,0.015263183042407036
57.0,1300.0,0.0020947889424860477,0.0045556374825537205,0.016833050176501274
57.5,1250.0,0.0020805164240300655,0.0040042223408818245,0.007416091859340668
58.0,1200.0,0.001854645204730332,0.0035358502063900232,0.008235534653067589
58.5,1150.0,0.0018357578665018082,0.00378142180852592,0.008430271409451962
59.0,1100.0,0.001957409083843231,0.0038078874349594116,0.00654660165309906
59.5,1050.0,0.0017753549618646502,0.004200341645628214,0.008190612308681011
60.0,1000.0,0.0021135311108082533,0.004529530182480812,0.014426794834434986
60.5,950.0,0.0019279104890301824,0.004480539355427027,0.007846345193684101
61.0,900.0,0.0017263655317947268,0.003820441896095872,0.008174728602170944
61.5,850.0,0.0017124327132478356,0.0032327265944331884,0.006961689796298742
62.0,800.0,0.0016289791092276573,0.0036041894927620888,0.0057906461879611015
62.5,750.0,0.0017688819207251072,0.004166030324995518,0.011049176566302776
63.0,700.0,0.0016499917255714536,0.0035420646890997887,0.008807818405330181
63.5,650.0,0.0015785329742357135,0.0031960338819772005,0.007265268359333277
64.0,600.0,0.001718432060442865,0.003772422205656767,0.01334067340940237
64.5,550.0,0.0015327250584959984,0.003180739236995578,0.009517748840153217
65.0,500.0,0.0015475109685212374,0.00298380758613348,0.012805079109966755
65.5,450.0,0.001512974500656128,0.0034179340582340956,0.009745380841195583
66.0,400.0,0.001382353249937296,0.003277182811871171,0.006636518519371748
66.5,350.0,0.0014814338646829128,0.003418322652578354,0.012732149101793766
67.0,300.0,0.0013416663277894258,0.002664693631231785,0.01012336928397417
67.5,300.0,0.0015714584151282907,0.0036711322609335184,0.014093427918851376
68.0,300.0,0.0014462878461927176,0.0031624704133719206,0.01006118394434452
68.5,300.0,0.0013639527605846524,0.002881215186789632,0.00933604035526514
69.0,300.0,0.0015099801821634173,0.0033144215121865273,0.013639637269079685
69.5,300.0,0.001506202039308846,0.0031877036672085524,0.012521726079285145
70.0,300.0,0.0015271565644070506,0.0032674388494342566,0.012395007535815239
70.5,300.0,0.0015262203523889184,0.003160985419526696,0.013192220591008663
71.0,300.0,0.0013814428821206093,0.0029335208237171173,0.007618042174726725
71.5,300.0,0.0014867243589833379,0.003338354406878352,0.010939747095108032
72.0,300.0,0.0014391259755939245,0.0031036389991641045,0.012149995192885399
