step,t_ps,T_set_K,T_K,epot_eV_atom
0,0.0,3000.0,2847.2316612325453,-7.816798502604167
500,0.5,3000.0,3135.7881046718794,-7.434309895833334
1000,1.0,3000.0,3021.879285415361,-7.432245279947916
1500,1.5,3000.0,3044.5242300261707,-7.427967122395834
2000,2.0,3000.0,3018.49479852433,-7.451468912760417
2500,2.5,3000.0,3091.3626989840923,-7.421553548177084
3000,3.0,3000.0,2895.191985475287,-7.413875325520833
3500,3.5,3000.0,2868.707429322515,-7.425635579427083
4000,4.0,3000.0,2909.407893906431,-7.4069425455729165
4500,4.5,3000.0,3098.871942946278,-7.413623046875
5000,5.0,3000.0,2775.260227701641,-7.4563427734375
5500,5.5,3000.0,3120.443147377377,-7.4509375
6000,6.0,3000.0,2835.958903866111,-7.431380208333334
6500,6.5,3000.0,3034.1280959356977,-7.427906087239584
7000,7.0,3000.0,3002.343177389139,-7.446844075520834
7500,7.5,3000.0,3008.709436344171,-7.4556298828125
8000,8.0,3000.0,3078.060025044927,-7.442821451822916
8500,8.5,3000.0,3061.108409213328,-7.426360677083333
9000,9.0,3000.0,2987.020717355464,-7.452713216145833
9500,9.5,3000.0,3133.5798650914435,-7.435848795572917
10000,10.0,3000.0,3343.192468605958,-7.444700520833333
10500,10.5,2950.0,2983.6332772498586,-7.472284342447916
11000,11.0,2900.0,2940.9417504537596,-7.435390625
11500,11.5,2850.0,2923.964696958191,-7.44404296875
12000,12.0,2800.0,2812.3484370873625,-7.456292317708333
12500,12.5,2750.0,2783.4573492373006,-7.481892903645833
13000,13.0,2700.0,2643.032483245089,-7.4624031575520835
13500,13.5,2650.0,2562.720968412296,-7.45637939453125
14000,14.0,2600.0,2369.75238356944,-7.5147412109375
14500,14.5,2550.0,2547.8063723974706,-7.513436686197917
15000,15.0,2500.0,2447.327232721845,-7.51447265625
15500,15.5,2450.0,2410.376712462348,-7.534827473958333
16000,16.0,2400.0,2382.9109898293327,-7.523971354166667
16500,16.5,2350.0,2693.4559252123345,-7.547246907552084
17000,17.0,2300.0,2248.503410084332,-7.545120442708333
17500,17.5,2250.0,2225.9495651279476,-7.56723876953125
18000,18.0,2200.0,2279.280265004367,-7.5717333984375
18500,18.5,2150.0,2097.0757755734076,-7.573988444010417
19000,19.0,2100.0,1972.5043886499968,-7.574092610677083
19500,19.5,2050.0,2077.471440602267,-7.553260091145833
20000,20.0,2000.0,2064.4823586154926,-7.579698893229167
20500,20.5,1950.0,1968.7471037120263,-7.578904622395833
21000,21.0,1900.0,1785.2103259474645,-7.59447021484375
21500,21.5,1850.0,2122.719616464267,-7.593758951822917
22000,22.0,1800.0,1719.5902729512466,-7.608998209635416
22500,22.5,1750.0,1685.7569289601004,-7.620361328125
23000,23.0,1700.0,1713.183181980318,-7.6373909505208335
23500,23.5,1650.0,1455.6308561976873,-7.62116943359375
24000,24.0,1600.0,1543.1736673174646,-7.6421297200520835
24500,24.5,1550.0,1606.5000933423005,-7.645176595052083
25000,25.0,1500.0,1490.8555468852,-7.666167805989583
25500,25.5,1450.0,1472.3128556574595,-7.655767415364584
26000,26.0,1400.0,1467.481266987389,-7.67052978515625
26500,26.5,1350.0,1282.2887918858778,-7.669369303385417
27000,27.0,1300.0,1262.760592721546,-7.682443033854167
27500,27.5,1250.0,1138.8586450200032,-7.69767822265625
28000,28.0,1200.0,1288.13462619547,-7.709038899739583
28500,28.5,1150.0,1156.8184567295573,-7.698271484375
29000,29.0,1100.0,1101.8328311586697,-7.714921875
29500,29.5,1050.0,1017.5996412890293,-7.7155753580729165
30000,30.0,1000.0,934.8355411574908,-7.730011393229167
30500,30.5,950.0,1023.065560564451,-7.73290283203125
31000,31.0,900.0,894.4754219420906,-7.734136555989584
31500,31.5,850.0,807.6215290140001,-7.74516845703125
32000,32.0,800.0,809.0082935584346,-7.740017903645834
32500,32.5,750.0,773.7108364625151,-7.75585205078125
33000,33.0,700.0,747.9058011845736,-7.76560302734375
33500,33.5,650.0,686.8453696000189,-7.778246256510417
34000,34.0,600.0,593.427661818731,-7.776739095052084
34500,34.5,550.0,601.1220638696617,-7.781984049479167
35000,35.0,500.0,490.25990359405324,-7.792548828125
35500,35.5,450.0,469.63752577212546,-7.799471842447916
36000,36.0,400.0,403.00895616552435,-7.799847819010417
36500,36.5,350.0,357.5341230803401,-7.811834309895834
37000,37.0,300.0,290.428059757071,-7.818994140625
37500,37.5,300.0,303.4030811067312,-7.8197412109375
38000,38.0,300.0,307.13280003912047,-7.82196533203125
38500,38.5,300.0,287.9628145627704,-7.817493489583334
39000,39.0,300.0,288.04795414768023,-7.8176871744791665
39500,39.5,300.0,307.19314442234156,-7.817936197916667
40000,40.0,300.0,305.17311431371115,-7.81836669921875
40500,40.5,300.0,298.6282309001517,-7.82019775390625
41000,41.0,300.0,282.4901089857598,-7.816180013020833
41500,41.5,300.0,321.5925424369684,-7.8180322265625
42000,42.0,300.0,287.0521563239328,-7.817530110677083
